tweet_id,client
415,0
1596,0
1113,0
465,0
1120,0
498,0
1495,0
559,0
246,0
283,0
557,0
579,0
1085,0
1669,0
1739,0
437,0
1267,0
349,0
1538,0
749,0
1002,0
51,0
290,0
803,0
898,0
920,0
99,0
569,0
532,0
547,0
26,0
1190,0
1650,0
793,0
878,0
514,0
1749,0
774,0
715,0
661,0
536,0
884,0
787,0
1243,0
1318,0
314,0
307,0
1317,0
1590,0
1448,0
1110,0
72,0
747,0
1706,0
433,0
315,0
380,0
376,0
545,0
1240,0
395,0
707,0
393,0
67,0
731,0
1662,0
880,0
345,0
365,0
663,0
1337,0
808,0
1232,0
797,0
870,0
1752,0
1056,0
794,0
34,0
1673,0
1582,0
1436,0
943,0
825,0
1500,0
940,0
918,0
1730,0
1216,0
669,0
1329,0
1199,0
638,0
646,0
1233,0
1281,0
48,0
1413,0
1162,0
711,0
1293,0
1262,0
83,0
333,0
125,0
74,0
588,0
1114,0
429,0
1176,0
515,0
1307,0
98,0
149,0
1768,0
92,0
1630,0
347,0
827,0
1747,0
126,0
142,0
1098,0
106,0
326,0
243,0
176,0
571,1
320,1
28,1
475,1
1286,1
677,1
615,1
1634,1
945,1
91,1
1645,1
454,1
920,1
1588,1
974,1
685,1
595,1
1605,1
1253,1
705,1
1213,1
213,1
972,1
1423,1
1195,1
1710,1
870,1
225,1
1132,1
1194,1
410,1
163,1
404,1
192,1
126,1
166,1
220,1
1082,1
158,1
205,1
351,1
1370,1
526,1
527,1
1576,1
1538,1
7,1
538,1
83,1
524,1
1011,1
773,1
492,1
898,1
10,1
1592,1
1302,1
292,1
413,1
755,1
810,1
1087,1
1315,1
1353,1
1410,1
1491,1
1539,1
514,1
504,1
500,1
1303,1
953,1
197,1
1018,1
567,1
299,1
1240,1
376,1
37,1
226,1
1216,1
440,1
87,1
214,1
718,1
908,1
128,1
98,1
1455,1
449,1
818,1
97,1
1165,1
1210,1
1716,1
131,1
1042,1
1307,1
1300,1
1304,1
1481,1
918,1
1107,1
341,1
563,1
640,1
862,1
1205,1
118,1
446,1
1756,1
1057,1
1306,1
1730,1
1098,1
129,1
1079,1
1144,1
1115,1
140,1
31,1
714,1
201,1
1074,1
1199,1
1392,1
1584,1
330,1
154,1
747,1
1611,1
1102,1
365,1
44,1
869,1
967,1
1807,1
1255,1
1517,1
645,1
781,1
1692,1
1053,1
19,1
76,1
840,1
790,1
590,1
608,1
895,1
965,1
1004,1
1150,1
1176,1
1499,1
787,1
353,1
204,1
411,1
1111,1
1180,1
1319,1
80,1
109,1
113,1
641,1
1290,1
1566,1
296,1
380,1
281,1
1243,1
272,1
707,1
8,1
1084,1
1436,1
366,1
20,1
1387,1
1503,1
1565,1
24,1
853,1
1720,1
30,1
1772,1
532,1
1257,1
864,1
1262,1
1291,1
40,1
733,1
537,1
1601,1
408,1
1197,1
1583,1
1573,1
1446,1
248,1
1378,1
584,1
612,2
579,2
1726,2
1176,2
80,2
429,2
1463,2
200,2
75,2
260,2
518,2
594,2
600,2
353,2
1802,2
1410,2
1720,2
994,2
794,2
788,2
1538,2
74,2
517,2
806,2
774,2
309,2
1622,2
1723,2
342,2
604,2
621,2
346,2
263,2
703,2
745,2
1085,2
277,2
1729,2
1078,2
858,2
1211,2
981,2
140,2
1721,2
314,2
307,2
449,2
390,2
206,2
1582,2
288,2
712,2
241,2
704,2
413,2
1457,2
1520,2
1495,2
642,2
1795,2
997,2
393,2
96,2
1523,2
861,2
99,2
126,2
789,2
936,2
1066,2
1069,2
290,2
129,2
293,2
803,2
1471,2
1615,2
557,2
972,2
1446,2
220,2
417,2
973,2
814,2
650,2
1419,2
1402,2
643,2
813,2
810,2
832,2
777,2
285,2
376,2
454,2
541,2
590,2
595,2
615,2
622,2
641,2
677,2
693,2
698,2
731,2
405,2
404,2
426,2
842,2
1401,2
1684,2
633,2
735,2
1009,2
1151,2
1696,2
424,2
91,2
933,2
154,2
974,2
1064,2
1084,2
1160,2
1186,2
1253,2
65,2
47,2
1259,2
225,2
1286,2
420,2
349,2
749,2
754,2
1518,2
1750,2
256,2
791,2
34,2
787,2
436,2
1590,2
1375,2
1628,2
878,2
76,2
1598,2
364,2
180,2
351,2
998,2
395,2
42,2
107,2
1061,2
1772,2
31,2
1256,2
1073,2
193,2
1067,2
1175,2
1104,2
1169,2
540,2
486,2
279,2
645,2
26,2
1210,2
1608,2
1201,2
1242,2
23,2
951,2
1620,2
1332,2
433,2
1114,2
1306,2
361,2
301,2
300,2
15,2
393,3
1178,3
1628,3
437,3
410,3
1807,3
50,3
1240,3
1185,3
1683,3
712,3
711,3
941,3
942,3
1011,3
714,3
710,3
1495,3
690,3
688,3
717,3
732,3
719,3
1123,3
1649,3
1606,3
883,3
1560,3
1558,3
1523,3
219,3
1085,3
924,3
1673,3
1582,3
745,3
558,3
791,3
417,3
533,3
915,3
1165,3
177,3
326,3
834,3
1479,3
327,3
250,3
248,3
238,3
210,3
156,3
1125,3
30,3
954,3
1687,3
1720,3
260,3
275,3
733,3
487,3
1436,3
659,3
1509,3
420,3
1335,3
395,3
695,3
917,3
1334,3
1114,3
84,3
1051,3
35,3
214,3
572,3
51,3
559,3
1194,3
634,3
142,3
1598,3
704,3
110,3
1756,3
126,3
878,3
127,3
241,3
131,3
98,3
1241,3
749,3
1620,3
1666,3
803,3
1583,3
1375,3
787,3
1148,3
1662,3
472,4
480,4
787,4
791,4
488,4
1375,4
834,4
793,4
78,4
669,4
707,4
290,4
898,4
1734,4
1664,4
1293,4
1581,4
1730,4
1515,4
1649,4
1387,4
1011,4
588,4
556,4
345,4
1495,4
1153,4
429,4
38,4
224,4
76,4
1212,4
792,4
945,4
1221,4
1273,4
199,4
1582,4
1783,4
1634,4
1688,4
749,4
789,4
899,4
510,4
1291,4
943,4
942,4
746,4
722,4
1240,4
278,4
439,4
1002,4
99,4
394,4
1609,4
20,4
642,4
1650,4
830,4
505,4
895,4
118,4
1178,4
676,4
1560,4
1039,4
185,4
744,4
1050,4
743,4
1045,4
235,4
801,4
940,4
1283,4
128,4
129,4
98,4
1598,4
1605,4
126,4
838,4
1750,4
1564,4
1533,4
1451,4
1428,4
1418,4
1263,4
1249,4
1020,4
702,4
794,4
1583,4
1309,4
1246,4
665,4
1242,4
774,4
720,4
365,4
1228,4
635,4
494,4
440,4
393,4
445,4
704,4
592,4
240,4
1175,4
341,4
435,4
138,4
1289,4
645,4
1681,4
1752,4
1185,4
773,4
140,4
1709,4
1271,4
1538,4
924,4
1472,4
1436,4
1489,4
151,4
1282,4
1470,4
1209,4
1203,4
1176,4
1000,4
973,4
426,4
951,4
42,4
45,4
177,4
1150,4
43,4
716,4
438,4
742,4
939,4
917,4
1463,4
30,4
874,4
869,4
864,4
847,4
779,4
695,4
804,4
872,4
570,4
1541,4
1745,4
4,4
1114,4
719,4
732,4
348,4
257,4
260,4
712,4
1395,4
1406,4
1154,4
51,4
226,4
1487,4
1486,4
9,4
807,4
1721,4
896,4
256,4
1110,4
803,4
437,4
859,4
786,4
1452,4
1016,4
1243,4
1380,4
1537,4
1128,4
1127,4
1331,4
221,5
1708,5
1541,5
1752,5
1436,5
98,5
1747,5
84,5
1261,5
420,5
140,5
1273,5
1729,5
584,5
1224,5
1748,5
147,5
923,5
259,5
1726,5
269,5
842,5
1085,5
1582,5
680,5
714,5
721,5
78,5
1609,5
163,5
118,5
1166,5
1185,5
1593,5
97,5
1199,5
1464,5
1555,5
1588,5
19,5
955,5
1650,5
364,5
1598,5
712,5
113,5
1700,5
131,5
532,5
688,5
717,5
719,5
732,5
1152,5
225,5
376,5
1661,5
449,5
12,5
410,5
290,5
690,5
1699,5
199,5
1608,5
559,5
1240,5
1281,5
1366,5
433,5
1807,5
626,5
1664,5
808,5
51,5
40,5
1051,5
1793,5
803,5
1098,5
465,5
918,5
704,5
676,5
659,5
1495,5
793,5
1761,5
487,5
683,5
1797,5
1188,5
787,5
1120,5
1119,5
1293,5
1419,5
1589,5
1634,5
637,5
1701,5
1148,5
972,5
470,5
1110,5
1613,5
1662,5
878,5
733,5
944,5
49,5
1463,5
777,5
439,5
202,6
1462,6
1756,6
683,6
1749,6
597,6
898,6
389,6
663,6
1436,6
1264,6
1701,6
4,6
1769,6
1794,6
49,6
712,6
1426,6
1805,6
619,6
270,6
266,6
559,6
234,6
229,6
1341,6
606,6
896,6
918,6
958,6
1672,6
876,6
1617,6
822,6
1383,6
39,6
644,6
850,6
34,6
690,6
1498,6
1487,6
1387,6
1239,6
1011,6
773,6
31,6
1452,6
115,6
217,6
126,6
1409,6
1176,6
1793,6
187,6
183,6
741,6
89,6
719,6
184,6
514,6
67,6
1114,6
1115,6
1302,6
1303,6
1305,6
1300,6
1306,6
1354,6
1358,6
1729,6
1304,6
160,6
419,6
113,6
33,6
35,6
151,6
1698,6
470,6
793,6
290,6
1262,6
1000,6
855,6
720,6
445,6
292,6
1696,6
1455,6
1475,6
1723,6
592,6
1082,6
425,6
747,6
1143,6
999,6
179,6
342,6
1043,6
1733,6
492,6
436,6
411,6
415,6
153,6
55,6
299,6
1041,6
1370,6
541,6
1558,6
1659,7
146,7
1666,7
3,7
314,7
1005,7
110,7
142,7
1793,7
753,7
1585,7
1056,7
1045,7
1193,7
1188,7
1143,7
1054,7
330,7
1730,7
1478,7
704,7
1629,7
470,7
1728,7
327,7
1142,7
947,7
783,7
1660,7
1240,7
1498,7
793,7
1084,7
1733,7
1587,7
1709,7
426,7
409,7
937,7
977,7
1620,7
129,7
1179,7
113,7
1602,7
440,7
1051,7
1026,7
1582,7
370,7
1720,7
488,7
1774,7
369,7
273,7
367,7
259,7
249,7
210,7
589,7
1701,7
855,7
1006,7
1668,7
655,7
1523,7
1497,7
215,7
1692,7
1327,7
705,7
1714,7
1229,7
1044,7
642,7
1291,7
275,7
660,7
611,7
584,7
529,7
1043,7
1623,7
1355,7
661,7
1248,7
707,7
374,7
216,7
157,7
562,7
235,7
1802,7
1328,7
989,7
202,7
919,7
1581,7
247,7
0,7
563,7
98,7
107,7
635,7
56,7
5,7
1525,7
16,7
1227,7
333,7
8,7
300,7
35,7
501,7
67,7
89,7
4,7
31,7
55,7
918,8
777,8
1635,8
171,8
193,8
1338,8
1534,8
978,8
999,8
697,8
693,8
390,8
44,8
1084,8
936,8
933,8
641,8
330,8
285,8
1303,8
1761,8
759,8
1280,8
1185,8
988,8
1455,8
731,8
1117,8
1259,8
433,8
541,8
590,8
761,8
1064,8
698,8
405,8
1682,8
15,8
114,8
1063,8
677,8
30,8
212,8
8,8
1067,8
1075,8
426,8
46,8
301,8
1131,8
1142,8
1201,8
1313,8
1371,8
469,8
239,8
223,8
37,8
28,8
993,8
1803,8
998,8
827,8
1672,8
700,8
179,8
106,8
1464,8
1079,8
266,8
883,8
1073,8
66,8
910,8
849,8
955,8
965,8
1043,8
1045,8
911,8
1044,8
1414,8
1305,8
1436,8
1427,8
175,8
1130,8
99,8
1549,8
1428,8
1717,8
1264,8
1443,8
360,8
1666,8
1483,8
943,8
663,8
335,8
338,8
840,8
941,8
1216,8
813,8
733,8
537,8
687,8
776,8
847,8
1090,8
1101,8
1102,8
1243,8
1275,8
1276,8
1608,8
299,8
1641,8
324,8
295,8
1263,8
896,8
474,8
517,8
816,8
958,8
1199,8
1545,8
1594,8
1629,8
1528,8
1127,8
779,8
1516,8
1611,8
1768,8
1271,8
589,8
83,8
639,8
645,8
1537,8
1509,8
1597,8
1114,8
683,8
1115,8
828,8
1484,8
1485,8
1352,8
763,8
706,8
240,8
1184,8
1189,8
1215,8
1295,8
873,8
823,9
820,9
893,9
848,9
1179,9
815,9
842,9
945,9
890,9
919,9
929,9
863,9
1469,9
886,9
857,9
964,9
437,9
990,9
992,9
996,9
140,9
1110,9
1006,9
131,9
961,9
989,9
984,9
986,9
1367,9
812,9
1806,9
806,9
484,9
802,9
177,9
218,9
147,9
805,9
487,9
490,9
503,9
506,9
519,9
520,9
521,9
528,9
534,9
535,9
537,9
556,9
598,9
610,9
775,9
249,9
252,9
259,9
273,9
275,9
367,9
371,9
372,9
387,9
787,9
1730,9
1599,9
1582,9
1479,9
1041,9
1506,9
1503,9
1498,9
1423,9
1429,9
1431,9
1432,9
1435,9
1440,9
1448,9
1451,9
1459,9
1466,9
1468,9
1477,9
1480,9
1486,9
1487,9
1493,9
1496,9
1464,9
1407,9
1572,9
1602,9
1603,9
1604,9
1605,9
1610,9
1619,9
1630,9
1570,9
1568,9
1564,9
1549,9
1185,9
1517,9
1523,9
1524,9
1526,9
1531,9
1535,9
1539,9
1545,9
1359,9
1349,9
1344,9
1074,9
1077,9
1078,9
1079,9
1088,9
1093,9
1099,9
1108,9
1109,9
1111,9
1112,9
1122,9
1007,9
1022,9
1066,9
1067,9
1129,9
1132,9
1136,9
141,9
1231,9
1232,9
1238,9
1254,9
1257,9
1290,9
1227,9
1314,9
1317,9
1320,9
1325,9
1330,9
1331,9
1332,9
1337,9
1340,9
1315,9
1225,9
1224,9
1138,9
1140,9
1151,9
1154,9
1160,9
1167,9
1169,9
1194,9
1205,9
1209,9
1211,9
1213,9
1218,9
1202,9
1053,9
232,9
133,9
67,9
679,9
227,9
314,9
1701,9
380,9
79,9
104,9
198,9
803,9
641,9
884,9
1761,9
584,9
801,9
293,9
1713,9
655,9
1372,9
781,9
843,9
733,9
851,9
940,9
971,9
1240,9
852,9
87,9
42,9
756,9
1778,9
1004,9
144,9
1714,9
127,9
1373,9
717,9
1661,9
1755,9
126,9
1802,9
1002,9
455,9
1502,9
659,9
405,9
1115,9
454,9
1049,9
1793,9
142,9
123,10
226,10
1163,10
48,10
109,10
81,10
138,10
82,10
710,10
113,10
29,10
1210,10
1006,10
871,10
623,10
540,10
539,10
247,10
101,10
111,10
395,10
30,10
153,10
33,10
1018,10
31,10
230,10
32,10
170,10
161,10
188,10
259,10
763,10
767,10
869,10
969,10
1420,10
1455,10
1485,10
1576,10
1591,10
63,10
502,10
79,10
286,10
145,10
608,10
1395,10
1412,10
1461,10
1652,10
267,10
246,10
90,10
205,10
215,10
218,10
283,10
307,10
375,10
501,10
668,10
742,10
804,10
1452,10
65,10
152,10
196,10
190,10
160,10
1004,10
86,10
104,10
244,10
92,10
1302,10
1191,10
1271,10
1618,10
18,10
1328,10
1327,10
365,10
422,10
204,10
1387,10
1526,10
1604,10
1671,10
262,10
1523,10
201,10
1170,10
436,10
198,10
272,10
953,10
1525,10
298,10
130,10
323,10
186,10
1493,10
1492,10
850,10
639,10
1081,10
308,10
1566,10
1567,10
647,10
258,10
751,10
67,10
191,10
1572,10
319,10
265,10
2,10
411,10
662,10
1080,10
1011,10
483,10
144,10
139,10
296,10
572,10
1736,11
726,11
170,11
1737,11
255,11
1187,11
139,11
408,11
190,11
79,11
226,11
1113,11
1052,11
1484,11
1027,11
63,11
1481,11
1322,11
1124,11
1049,11
1248,11
109,11
144,11
311,11
1192,11
1191,11
1078,11
1066,11
1234,11
104,11
81,11
101,11
90,11
1050,11
1216,11
153,11
82,11
365,11
159,11
1229,11
32,11
86,11
92,11
789,11
48,11
702,11
1213,11
788,11
373,11
1219,11
50,11
124,11
191,11
1436,11
2,11
283,11
18,11
33,11
1636,11
258,11
188,11
145,11
1004,11
631,11
111,11
131,11
715,11
735,11
823,11
160,11
1415,11
1541,11
1400,11
84,11
707,11
393,11
269,11
161,11
169,11
721,11
774,11
960,11
1009,11
1295,11
1297,11
1471,11
1521,11
1608,11
1614,11
1629,11
422,11
1579,11
720,11
499,11
369,11
186,11
198,11
201,11
204,11
230,11
292,11
244,11
246,11
247,11
262,11
265,11
267,11
272,11
486,11
472,11
474,11
620,11
646,11
1047,11
1586,11
1590,11
1603,11
335,11
1740,11
1741,11
334,11
72,11
44,11
55,11
152,11
787,11
113,11
138,11
757,11
1453,11
308,11
123,11
296,11
141,11
286,11
298,11
323,11
1163,11
502,11
1210,11
1175,11
866,11
762,11
758,11
129,11
643,11
611,11
127,11
490,11
793,11
203,11
1427,11
322,11
281,11
883,11
303,11
729,11
1226,11
1709,11
955,11
386,11
1341,11
1338,11
1264,11
1018,11
171,11
1193,11
1190,11
623,11
567,11
518,11
89,11
853,11
538,11
995,11
705,11
659,11
1587,11
634,11
1388,11
1406,11
1271,11
804,11
773,11
939,11
229,11
166,11
1329,11
746,11
899,11
344,11
1503,11
347,11
530,12
1563,12
385,12
194,12
239,12
235,12
359,12
236,12
432,12
978,12
1068,12
1536,12
159,12
103,12
1577,12
1560,12
1771,12
1557,12
1361,12
1188,12
1045,12
1041,12
288,12
870,12
1750,12
339,12
412,12
1623,12
900,12
264,12
1201,12
1202,12
627,12
319,12
646,12
1746,12
1503,12
222,12
223,12
943,12
942,12
602,12
632,12
116,12
217,12
1761,12
313,12
204,12
327,12
1076,12
1280,12
759,12
1039,12
148,12
1558,12
1077,12
415,12
216,12
769,12
777,12
941,12
944,12
837,12
940,12
1191,12
836,12
1192,12
830,12
953,12
1051,12
1054,12
1038,12
1193,12
835,12
603,12
197,12
9,12
44,12
333,12
1121,12
1501,12
10,12
1658,12
285,12
108,12
487,12
1095,12
1756,12
107,12
713,12
427,12
67,12
42,12
175,12
1049,12
24,12
839,12
1302,12
1303,12
157,12
183,12
176,12
1358,12
1355,12
1354,12
1307,12
1306,12
1305,12
1304,12
1601,12
1475,12
1760,12
1044,12
1043,12
1048,12
1046,12
136,12
1300,12
14,12
1114,12
1552,12
1073,12
1075,12
1061,12
838,12
8,12
26,12
187,12
164,12
185,12
1418,12
1289,12
964,12
931,12
106,12
1372,12
156,12
1115,12
1050,12
1719,12
178,12
179,12
94,12
720,12
855,12
22,12
1705,13
1107,13
430,13
1326,13
1427,13
1191,13
1192,13
1752,13
1800,13
878,13
1463,13
348,13
328,13
365,13
1114,13
1358,13
1627,13
599,13
1760,13
49,13
1193,13
324,13
336,13
652,13
1092,13
950,13
1115,13
1744,13
1646,13
1293,13
768,13
364,13
1701,13
338,13
1336,13
1761,13
97,13
949,13
746,13
1730,13
34,13
1110,13
66,13
1058,13
1747,13
131,13
1109,13
711,13
133,13
7,13
1310,13
1430,13
1467,13
1520,13
1542,13
1562,13
1328,13
1591,13
1242,13
1615,13
639,13
761,13
478,13
1327,13
994,13
969,13
908,13
1776,13
486,13
623,13
662,13
855,13
859,13
866,13
92,13
299,13
242,13
148,13
29,13
41,13
1300,13
1303,13
1302,13
1307,13
850,13
162,13
433,13
426,13
1390,13
1398,13
1711,13
1644,13
1361,13
1354,13
1101,13
225,13
163,13
1284,13
1412,13
440,13
1530,13
1489,13
380,13
1408,13
115,13
727,13
813,13
1213,13
1330,13
1340,13
1379,13
1594,13
438,13
20,13
84,13
67,13
683,13
30,13
24,13
31,13
559,13
720,13
1013,13
261,13
917,13
1233,13
914,13
300,13
15,13
395,13
28,13
940,13
941,13
942,13
943,13
1256,13
1322,13
645,13
944,13
1190,13
659,13
1267,13
63,13
1048,13
1049,13
1292,13
170,13
50,13
176,13
1152,13
197,13
1539,13
78,13
1011,13
1366,13
129,13
1529,13
1475,13
918,13
757,13
10,13
8,13
9,13
978,13
1094,13
1729,13
1737,13
410,13
292,13
1188,13
1046,13
1104,13
833,13
1414,13
1041,13
953,13
1346,13
1566,13
1062,13
788,13
37,13
808,13
1039,13
40,13
567,13
1064,13
1720,13
722,13
1756,13
1072,13
821,13
1337,13
1357,13
1009,13
538,13
273,13
144,13
1603,13
290,13
1774,13
847,13
1611,13
846,13
981,13
1610,13
657,13
1466,13
758,13
157,13
25,13
19,13
899,13
79,13
298,13
1216,13
26,13
1455,13
99,13
1173,13
765,13
43,13
1175,13
1788,14
416,14
1431,14
115,14
1795,14
1637,14
29,14
1671,14
1786,14
1558,14
1560,14
286,14
838,14
1163,14
1271,14
1355,14
1603,14
1397,14
1427,14
1407,14
1387,14
1611,14
21,14
647,14
1502,14
24,14
1423,14
1735,14
1549,14
1568,14
34,14
31,14
32,14
231,14
1375,14
1520,14
1518,14
1797,14
799,14
944,14
1733,14
239,14
681,14
978,14
1557,14
1553,14
1389,14
1409,14
1418,14
1509,14
1523,14
1593,14
338,14
705,14
538,14
348,14
1601,14
1464,14
1289,14
66,14
67,14
798,14
847,14
886,14
948,14
796,14
774,14
654,14
729,14
108,14
369,14
975,14
1341,14
1038,14
1002,14
1212,14
1332,14
71,14
388,14
1492,14
1488,14
1300,14
1757,14
1498,14
63,14
1417,14
1544,14
1510,14
378,14
756,14
170,14
117,14
256,14
100,14
92,14
1729,14
621,14
6,14
132,14
38,14
222,14
562,14
613,14
778,14
1422,14
234,14
438,14
505,14
1090,14
1412,14
1561,14
1614,14
1465,14
1531,14
1516,14
642,14
44,14
12,14
1707,14
721,14
236,14
121,14
28,14
30,14
646,14
1050,14
1051,14
1121,14
659,14
84,14
1041,14
235,14
204,14
1456,14
1441,14
1425,14
1420,14
1457,14
1353,14
1299,14
1285,14
1269,14
1256,14
1233,14
1329,14
1474,14
1485,14
1190,14
1202,14
1744,14
1633,14
1555,14
1533,14
1512,14
1227,14
1221,14
1678,14
1199,14
89,14
187,14
1144,14
33,14
48,14
79,14
86,14
111,14
113,14
123,14
152,14
201,14
1185,14
599,14
1193,14
1192,14
1191,14
712,14
440,14
9,14
10,14
1054,14
953,14
1618,14
1583,14
1366,14
976,14
940,14
896,14
1582,14
880,14
1104,14
1046,14
1056,14
1354,14
1049,14
1048,14
719,14
1632,14
35,14
37,14
1197,14
1039,14
1415,14
279,14
518,14
1114,14
1264,14
1175,14
584,14
533,14
167,14
1372,14
24,15
10,15
8,15
1360,15
1185,15
9,15
35,15
28,15
599,15
210,15
1194,15
1450,15
1088,15
1355,15
1043,15
1356,15
37,15
283,15
1104,15
1109,15
1117,15
1159,15
26,15
30,15
32,15
1329,15
942,15
821,15
1649,15
1629,15
66,15
1366,15
1038,15
1157,15
761,15
304,15
108,15
107,15
115,15
112,15
117,15
136,15
319,15
135,15
187,15
176,15
1054,15
236,15
288,15
159,15
338,15
334,15
12,15
1563,15
1190,15
67,15
501,15
1039,15
1041,15
837,15
55,15
71,15
1188,15
1044,15
1048,15
1049,15
1050,15
1051,15
101,15
1341,15
1045,15
1365,15
372,15
484,15
953,15
344,15
940,15
943,15
941,15
944,15
1114,15
1115,15
1302,15
1303,15
1304,15
1305,15
1300,15
1306,15
1320,15
1297,15
872,15
721,15
640,15
637,15
1011,15
1457,15
1398,15
1389,15
1376,15
1361,15
1331,15
950,15
600,15
1354,15
335,15
179,15
1184,15
1124,15
656,15
618,15
613,15
571,15
445,15
779,15
1056,15
330,15
1358,15
1193,15
1192,15
59,15
299,15
968,15
1488,15
1443,15
1191,15
1307,15
92,15
1500,15
1412,15
1395,15
339,15
1217,15
1379,15
1440,15
1456,15
1271,15
492,15
65,15
31,15
772,15
333,15
337,15
409,15
1659,15
646,15
830,15
374,15
1727,15
602,15
46,15
175,15
72,15
137,15
239,15
235,15
103,15
217,15
1405,15
148,15
830,16
837,16
334,16
335,16
103,16
839,16
1045,16
1051,16
1188,16
1361,16
829,16
1288,16
1750,16
836,16
222,16
1049,16
1048,16
1041,16
838,16
835,16
338,16
943,16
942,16
941,16
940,16
899,16
1191,16
1753,16
374,16
223,16
194,16
1307,16
1115,16
184,16
282,16
894,16
1190,16
953,16
1104,16
1618,16
288,16
304,16
115,16
1054,16
1358,16
1050,16
107,16
108,16
157,16
1039,16
1044,16
944,16
333,16
1354,16
66,16
168,16
1754,16
1681,16
47,16
5,16
1557,16
136,16
180,16
181,16
182,16
183,16
175,16
1114,16
978,16
1193,16
1381,16
166,16
1109,16
1366,16
236,16
602,16
1397,16
551,16
1056,16
1516,16
1648,16
445,16
25,16
1375,16
89,16
328,16
594,16
998,16
394,16
40,16
67,16
37,16
1043,16
1631,16
32,16
487,16
41,16
1304,16
1305,16
1306,16
1355,16
1303,16
1412,16
1302,16
608,16
1192,16
1046,16
30,16
131,16
1558,16
761,16
981,16
256,16
769,16
1038,16
266,16
229,16
646,16
632,16
156,16
71,16
239,16
1434,16
318,16
281,16
23,16
302,16
38,16
99,16
688,16
28,16
896,16
1445,16
1497,16
1560,16
179,16
78,16
1538,16
1573,16
1092,16
1423,16
216,16
362,16
1061,16
52,16
339,16
164,16
214,16
187,16
9,16
1394,16
1363,16
955,16
882,16
863,16
1398,16
776,16
755,16
506,16
801,16
1449,16
10,16
8,16
35,16
105,16
1064,16
31,16
377,16
59,16
177,16
1300,16
1429,16
319,16
559,16
853,16
112,16
300,16
178,16
190,16
562,16
63,16
488,16
1157,16
7,16
159,16
902,16
468,16
1311,16
363,16
143,16
1159,16
205,16
1210,16
350,16
217,16
1121,16
1266,16
1427,16
176,16
104,16
101,16
1452,16
94,16
337,16
330,16
1222,16
713,16
1474,16
1349,16
1338,16
1241,16
1214,16
846,16
727,16
45,16
27,16
371,16
525,16
1062,16
137,16
26,16
185,16
933,16
46,16
1788,16
24,16
169,16
452,16
1622,16
55,16
1669,16
1581,16
29,16
235,16
117,16
1467,16
72,16
404,16
1307,17
1300,17
1191,17
1193,17
1192,17
30,17
32,17
1302,17
1303,17
1304,17
1305,17
1306,17
1354,17
31,17
1361,17
1113,17
1288,17
1114,17
953,17
977,17
334,17
492,17
1051,17
1358,17
940,17
335,17
1039,17
1054,17
943,17
944,17
1190,17
1004,17
37,17
1041,17
1046,17
1048,17
1049,17
487,17
157,17
94,17
323,17
333,17
518,17
662,17
502,17
942,17
941,17
1483,17
1038,17
118,17
180,17
181,17
182,17
183,17
184,17
1121,17
1560,17
1050,17
1115,17
1357,17
135,17
57,17
573,17
574,17
742,17
46,17
632,17
1163,17
47,17
42,17
103,17
1355,17
633,17
996,17
830,17
839,17
1093,17
1043,17
812,17
1558,17
1557,17
814,17
919,17
929,17
993,17
1013,17
1045,17
1044,17
1106,17
1188,17
1331,17
1595,17
922,17
766,17
375,17
148,17
107,17
108,17
646,17
647,17
267,17
838,17
1541,17
1056,17
417,17
239,17
235,17
222,17
33,17
9,17
35,17
1236,17
67,17
28,17
10,17
608,17
233,17
164,17
835,17
836,17
136,17
338,17
106,17
435,18
93,18
1722,18
1688,18
390,18
957,18
229,18
1780,18
444,18
71,18
59,18
1716,18
1161,18
1799,18
1770,18
96,18
790,18
135,18
921,18
1139,18
708,18
704,18
981,18
1573,18
1525,18
1293,18
127,18
641,18
639,18
180,18
1069,18
1767,18
148,18
709,18
936,18
1066,18
582,18
777,18
593,18
645,18
102,18
370,18
1192,18
183,18
1193,18
184,18
120,18
245,18
115,18
185,18
217,18
108,18
1170,18
182,18
646,18
181,18
44,18
1191,18
526,18
7,18
1667,18
1784,18
118,18
159,18
1714,18
675,18
634,18
279,18
21,18
333,18
1305,18
1300,18
1306,18
1355,18
338,18
1742,18
971,18
77,18
1304,18
531,18
1188,18
1614,18
1342,18
1256,18
1153,18
1151,18
1122,18
1087,18
1036,18
1035,18
931,18
800,18
1303,18
1302,18
1115,18
160,18
786,18
649,18
1724,18
1061,18
1674,18
405,18
249,18
722,18
954,18
941,18
942,18
943,18
944,18
953,18
1114,18
1476,18
1691,18
1463,18
576,18
1423,18
536,18
1670,18
175,18
1158,18
882,18
1164,18
107,18
89,18
192,19
1685,19
1674,19
511,19
1689,19
1047,19
442,19
1052,19
187,19
288,19
1703,19
1698,19
672,19
1697,19
235,19
509,19
193,19
1447,19
512,19
646,19
543,19
176,19
1067,19
638,19
378,19
59,19
179,19
184,19
707,19
1144,19
1143,19
135,19
147,19
1194,19
1115,19
1191,19
1192,19
1428,19
1433,19
1733,19
1262,19
1020,19
513,19
1756,19
137,19
878,19
223,19
112,19
1079,19
1061,19
1075,19
1057,19
1604,19
1583,19
239,19
164,19
1666,19
197,19
647,19
1734,19
374,19
1460,19
426,19
871,19
1176,19
596,19
353,19
1429,19
80,19
918,19
1446,19
1,19
632,19
840,19
1563,19
849,19
613,19
784,19
786,19
175,19
79,19
183,19
123,19
1635,19
1084,19
936,19
777,19
698,19
641,19
590,19
1355,19
159,19
285,19
156,19
105,19
103,19
94,19
71,19
307,19
804,19
1523,19
1264,19
951,19
645,19
1605,19
1062,19
154,19
256,19
1286,19
1727,19
371,19
157,19
375,19
843,19
619,19
1150,19
1548,19
1572,19
1195,19
117,19
564,19
42,19
969,19
10,19
9,19
1402,19
1283,19
1236,19
1230,19
1730,19
927,19
1078,19
559,19
547,19
518,19
718,19
1436,20
1373,20
465,20
1470,20
1067,20
294,20
159,20
332,20
953,20
686,20
1351,20
422,20
1075,20
1709,20
30,20
1048,20
1139,20
1061,20
853,20
1079,20
954,20
1073,20
1125,20
1473,20
1445,20
1472,20
1296,20
1583,20
1466,20
1051,20
1666,20
1114,20
594,20
1743,20
1797,20
1115,20
1188,20
1142,20
732,20
1135,20
570,20
36,20
1568,20
1652,20
1649,20
771,20
518,20
320,20
1004,20
1420,20
1281,20
1216,20
1748,20
611,20
1063,20
423,20
803,20
1197,20
808,20
468,20
1413,20
256,20
207,20
99,20
1355,20
1433,20
1354,20
1280,20
1047,20
649,20
1575,20
1219,20
37,20
1415,20
1408,20
793,20
788,20
1158,20
986,20
547,20
536,20
210,20
764,20
1165,20
1730,20
638,20
650,20
758,20
1057,20
41,20
835,20
919,20
1341,20
1080,20
1072,20
1212,20
1489,20
409,20
1009,20
1308,20
225,20
773,20
1662,20
1444,20
821,20
1393,20
958,20
1309,20
1726,20
1525,20
1518,20
1194,20
827,20
866,20
937,20
1052,20
1093,20
1566,20
637,20
610,20
850,20
609,20
708,20
161,20
434,20
955,20
1193,20
1038,20
1054,20
392,20
362,20
1387,20
1143,20
363,20
663,20
1496,20
179,20
72,20
70,20
1681,20
437,20
44,20
322,20
920,20
338,20
837,20
109,20
442,20
217,20
1584,20
1407,20
1406,20
1271,20
31,20
32,20
387,20
508,20
371,20
1017,20
1508,20
1516,20
1398,20
1325,20
1032,20
961,20
873,20
754,20
737,20
641,20
533,20
1064,20
365,20
704,20
642,20
1478,20
1772,20
107,20
335,20
722,20
307,20
829,20
1463,20
449,20
84,20
1302,20
1094,20
981,20
1729,20
1601,20
148,20
583,20
659,20
1085,20
393,20
83,20
704,21
61,21
57,21
107,21
182,21
1463,21
45,21
184,21
217,21
60,21
59,21
55,21
56,21
89,21
105,21
183,21
216,21
235,21
222,21
214,21
374,21
239,21
282,21
304,21
71,21
194,21
42,21
1613,21
187,21
106,21
46,21
115,21
632,21
136,21
175,21
67,21
134,21
148,21
236,21
159,21
52,21
646,21
112,21
108,21
197,21
35,21
47,21
103,21
94,21
223,21
53,21
288,21
645,21
179,21
181,21
1201,21
143,21
1688,21
164,21
180,21
117,21
807,21
281,21
365,21
137,21
1647,21
319,21
156,21
1121,21
338,21
72,21
489,21
1307,21
312,21
359,21
284,21
491,21
385,21
176,21
118,21
10,21
9,21
157,21
514,21
747,21
1414,21
1645,21
135,21
1341,21
1221,21
737,21
1158,21
41,21
596,21
698,21
1216,21
945,21
31,21
39,21
32,21
943,21
1044,21
1043,21
185,21
254,21
492,21
1381,21
28,21
1563,21
1397,21
1115,21
1188,21
953,21
26,21
24,21
1387,21
773,21
837,21
96,21
1432,21
1166,21
1082,21
1006,21
891,21
387,21
1524,21
1535,21
1671,21
303,21
1190,21
1384,21
1458,21
1175,21
47,22
112,22
159,22
164,22
187,22
176,22
1245,22
179,22
148,22
1781,22
183,22
216,22
782,22
115,22
926,22
1583,22
1581,22
134,22
89,22
646,22
107,22
136,22
222,22
632,22
184,22
175,22
223,22
156,22
194,22
46,22
1181,22
77,22
761,22
639,22
897,22
235,22
108,22
1171,22
1121,22
282,22
137,22
59,22
135,22
118,22
106,22
55,22
239,22
236,22
94,22
42,22
1665,22
103,22
319,22
1686,22
1651,22
117,22
1652,22
180,22
414,22
1260,22
217,22
885,22
1377,22
1034,22
1086,22
1188,22
1274,22
304,22
1579,22
182,22
185,22
72,22
626,22
1574,22
577,22
157,22
1671,22
1606,22
197,22
374,22
1068,22
338,22
78,22
1303,22
1061,22
1075,22
181,22
52,22
288,22
56,22
105,22
57,22
1063,22
1300,22
1355,22
837,22
830,22
1051,22
1558,22
1618,22
1573,22
705,22
1572,22
1584,22
143,22
1602,22
1450,22
1649,22
1604,22
978,22
1396,22
43,22
886,22
938,22
214,22
103,23
194,23
632,23
136,23
112,23
176,23
222,23
175,23
235,23
304,23
217,23
189,23
179,23
185,23
117,23
216,23
148,23
164,23
135,23
115,23
107,23
106,23
108,23
137,23
94,23
223,23
282,23
288,23
47,23
197,23
118,23
236,23
89,23
157,23
156,23
159,23
239,23
184,23
180,23
1791,23
319,23
72,23
183,23
55,23
182,23
187,23
646,23
59,23
42,23
46,23
1121,23
181,23
194,24
59,24
159,24
156,24
179,24
55,24
135,24
236,24
185,24
103,24
148,24
137,24
222,24
108,24
42,24
176,24
46,24
164,24
47,24
115,24
217,24
646,24
187,24
239,24
632,24
94,24
72,24
288,24
223,24
136,24
197,24
569,24
1238,24
117,24
927,24
626,24
118,24
175,24
1121,24
157,24
106,24
183,24
235,24
234,24
360,24
184,24
1374,24
319,24
1517,24
403,24
661,24
107,24
662,24
344,24
216,24
1215,24
112,24
657,24
798,24
605,24
1185,24
89,24
1230,24
1400,24
1529,24
180,24
1331,24
282,24
304,24
1208,24
182,24
990,24
1022,24
886,24
181,24
1032,24
633,24
508,24
395,24
1217,24
1459,24
1580,24
584,24
1440,24
57,24
952,24
722,24
214,24
1629,24
374,24
919,24
1595,24
1040,24
1639,24
56,24
53,24
505,24
764,24
60,24
71,24
52,24
1408,24
105,24
61,24
143,24
1233,24
45,24
1085,25
396,25
1342,25
566,25
840,25
1684,25
1496,25
78,25
1322,25
149,25
622,25
1378,25
1134,25
963,25
69,25
352,25
1186,25
1160,25
1176,25
751,25
557,25
64,25
1611,25
1148,25
1706,25
816,25
889,25
1116,25
410,25
961,25
1047,25
1051,25
891,25
421,25
1150,25
1081,25
895,25
742,25
501,25
205,25
196,25
1792,25
1286,25
821,25
1649,25
1581,25
1573,25
1572,25
1497,25
1387,25
1271,25
500,25
1026,25
832,25
1667,25
449,25
1652,25
338,25
564,25
1782,25
1773,25
752,25
80,25
1259,25
590,25
285,25
193,25
15,25
97,25
641,25
870,25
1756,25
697,25
722,25
1654,25
20,25
467,25
412,25
842,25
74,25
292,25
705,25
1709,25
538,25
1530,25
1442,25
525,25
454,25
1650,25
353,25
532,25
200,25
1291,25
1446,25
1253,25
457,25
955,25
536,25
75,25
290,25
23,25
1596,25
1217,25
1115,25
464,25
710,25
398,25
677,25
664,25
607,25
1114,25
709,25
1185,25
1187,25
154,25
429,25
981,25
542,25
758,25
635,25
642,25
1000,25
964,25
887,25
370,25
1361,25
1384,25
1420,25
974,25
615,25
578,26
905,26
944,26
831,26
943,26
295,26
1188,26
459,26
1719,26
1632,26
32,26
30,26
566,26
963,26
334,26
1339,26
1694,26
28,26
1560,26
899,26
903,26
1192,26
941,26
1191,26
839,26
1115,26
838,26
1449,26
836,26
835,26
1369,26
1193,26
1302,26
751,26
1103,26
904,26
1645,26
1303,26
285,26
462,26
1304,26
942,26
1039,26
1361,26
1054,26
1051,26
1307,26
1354,26
1050,26
1355,26
1049,26
1048,26
335,26
1046,26
1358,26
1226,26
1639,26
1544,26
1114,26
487,26
1305,26
461,26
398,26
456,26
752,26
458,26
977,26
460,26
1187,26
174,26
1759,26
974,26
1693,26
450,26
902,26
924,26
331,26
396,26
178,26
1130,26
936,26
463,26
464,26
1717,26
361,26
397,26
15,26
173,26
457,26
172,26
1718,26
466,26
1041,26
961,26
1233,26
1068,26
422,26
436,26
845,26
34,26
567,26
492,26
1074,26
564,26
1523,26
1061,26
312,26
1288,26
792,26
784,26
783,26
780,26
779,26
778,26
776,26
774,26
764,26
754,26
796,26
750,26
740,26
724,26
689,26
662,26
661,26
654,26
744,26
797,26
800,26
798,26
816,26
815,26
814,26
813,26
812,26
810,26
807,26
806,26
805,26
802,26
1761,26
752,27
15,27
358,27
399,27
396,27
1717,27
845,27
652,27
459,27
899,27
397,27
456,27
466,27
331,27
1199,27
1101,27
398,27
1227,27
1189,27
819,27
457,27
858,27
1780,27
676,27
1555,27
1556,27
1580,27
1588,27
1604,27
1719,27
1528,27
1629,27
1509,27
1492,27
1456,27
1529,27
172,27
956,27
334,27
840,27
1440,27
1390,27
460,27
1450,27
1014,27
312,27
335,27
905,27
566,27
1063,27
44,27
1718,27
462,27
477,27
463,27
1705,27
590,27
1231,27
611,27
902,27
1126,27
1324,27
1759,27
461,27
904,27
903,27
99,27
831,27
1100,27
300,27
538,27
567,27
722,27
1099,27
458,27
173,27
906,27
178,27
361,27
174,27
83,27
338,27
93,27
546,27
811,27
766,27
634,27
1194,27
943,27
670,27
1288,27
944,27
1038,27
763,27
1185,27
1195,27
817,27
553,27
547,27
1052,27
539,27
387,27
500,27
1130,27
92,27
584,27
706,27
1404,27
1536,28
1235,28
1779,28
795,28
1177,28
1504,28
1642,28
1155,28
625,28
933,28
22,28
257,28
456,28
359,28
1264,28
730,28
1750,28
368,28
355,28
35,28
37,28
66,28
1043,28
1044,28
1045,28
1054,28
1764,28
623,28
1113,28
1437,28
30,28
24,28
13,28
904,28
458,28
333,28
264,28
9,28
10,28
1122,28
1762,28
14,28
251,28
447,28
547,28
1789,28
752,28
1255,28
1705,28
807,28
1765,28
1763,28
978,28
1760,28
426,28
62,28
1010,28
1341,28
1381,28
305,28
1771,28
983,28
754,28
1185,28
845,28
903,28
1614,28
1490,28
1425,28
1283,28
711,28
1807,28
514,28
963,28
433,28
901,29
1368,29
1121,29
1624,29
1801,29
1715,29
1657,29
1656,29
1750,29
195,29
1787,29
26,29
642,29
1476,29
1172,29
1616,29
1329,29
790,29
707,29
1768,29
1300,29
981,29
822,29
312,29
581,29
70,29
287,29
1712,29
293,29
462,29
181,29
407,29
580,29
1110,29
566,29
333,29
1193,29
1299,29
1761,29
1760,29
273,29
1544,29
292,29
715,29
935,29
970,29
1215,29
1464,29
1524,29
1481,29
1090,29
1763,29
1648,29
1564,29
216,29
182,29
179,29
417,29
1268,30
713,30
1787,30
1626,30
1804,30
934,30
1638,30
1012,30
59,30
932,30
1250,30
1722,30
1725,30
268,30
870,30
1700,30
155,30
867,30
185,30
1691,30
606,30
545,30
157,30
1680,30
1598,30
319,30
1603,30
1712,30
106,30
1538,30
451,30
821,30
44,30
45,30
1063,30
599,30
135,30
747,30
1780,30
1657,30
1398,30
1441,30
1597,30
1688,30
605,30
349,30
524,30
428,31
601,31
619,31
379,31
1264,31
68,31
380,31
391,31
1673,31
382,31
1311,31
965,31
644,31
994,31
1768,31
381,31
550,31
195,31
427,31
370,31
383,31
120,31
1601,31
1358,31
1175,31
1269,31
1052,31
928,31
634,31
386,31
62,31
1138,31
401,31
717,31
838,31
753,31
1422,31
128,31
1558,31
839,31
888,31
961,31
764,31
375,31
1354,31
790,31
1560,31
1395,31
1584,31
196,31
346,31
39,31
1054,31
1038,31
1149,31
1287,31
1514,31
1567,31
1729,31
1412,31
1523,31
1118,31
1144,31
1798,31
166,31
1452,31
647,31
418,31
642,31
1191,31
608,31
408,31
176,31
620,31
186,31
1051,31
273,31
9,31
1503,31
26,31
24,31
8,31
10,31
659,31
564,31
687,31
74,31
742,31
260,31
756,31
137,31
65,31
769,31
28,31
1329,31
834,31
944,31
746,31
1720,31
1332,31
978,31
1375,31
726,31
943,31
941,31
627,31
1179,31
455,31
1318,31
1699,31
1011,32
43,32
1487,32
718,32
1608,32
1081,32
1497,32
1408,32
1507,32
1604,32
848,32
742,32
1515,32
773,32
1647,32
725,32
843,32
716,32
710,32
1494,32
205,32
1170,32
1228,32
1407,32
1425,32
816,32
1296,32
1402,32
973,32
1485,32
1362,32
1614,32
1569,32
1019,32
515,32
1570,32
1332,32
1197,32
375,32
935,32
1329,32
1052,32
1525,32
1209,32
804,32
1550,32
1514,32
1346,32
1202,32
1648,32
501,32
1150,32
1298,32
1263,32
807,32
1602,32
1521,32
1363,32
1047,32
721,32
958,32
1387,32
130,32
1586,32
797,32
1567,32
939,32
387,32
1410,32
1451,32
517,32
1206,32
518,32
1583,32
1325,32
1573,32
1455,32
1523,32
1484,32
1605,32
436,32
1588,32
196,32
1621,32
1457,32
1239,32
1205,32
1566,32
1572,32
1483,32
1231,32
344,32
1452,32
1138,32
1180,32
1321,32
553,32
1440,32
1424,32
1414,32
1221,32
1590,32
1199,32
1411,32
1271,32
422,32
245,32
1331,32
1147,32
1175,32
65,32
1542,32
1233,32
910,32
1136,32
1295,32
1210,32
1357,32
895,32
1412,32
1522,32
1547,32
720,32
1649,32
1520,32
1518,32
662,32
1671,32
492,32
1526,32
1505,32
1297,32
584,32
1606,32
1265,32
1607,32
1313,32
770,32
558,32
1643,32
608,32
476,32
503,32
1493,32
1503,32
1273,32
1161,32
1056,32
976,32
699,32
307,32
1223,32
1444,32
1314,32
1080,32
521,32
665,32
1195,32
1498,32
1224,32
1225,32
1024,32
833,32
680,32
1168,32
1129,32
1581,32
948,32
479,32
1364,32
1486,32
1578,32
1203,32
814,32
884,32
1169,32
525,32
1032,32
1126,32
1419,32
969,32
573,32
254,32
1318,32
1496,32
345,32
1631,32
1122,32
1013,32
271,32
568,32
411,32
689,32
1415,32
964,32
291,32
1323,32
1322,32
1217,32
1488,32
1133,32
1619,32
1546,32
1418,32
1596,32
523,32
1164,32
1471,32
1316,32
1222,32
607,32
1142,32
1187,32
1134,32
1317,32
616,32
1636,32
524,32
1618,32
1417,32
1499,32
233,32
474,32
1319,32
1565,32
1651,32
413,32
722,32
919,32
813,32
1347,32
811,32
1232,32
1506,32
815,32
1276,32
303,32
668,32
485,32
739,32
912,32
1301,32
1508,32
1299,32
215,32
1474,32
1595,32
1213,32
1243,32
1289,32
582,32
356,32
1214,32
1500,32
540,32
520,32
366,32
1584,32
1652,32
1227,32
1449,32
453,32
1212,32
706,32
1388,32
1132,32
671,32
1111,32
574,32
702,32
1059,32
670,32
1383,32
1448,32
1532,32
1384,32
1119,32
1406,32
1102,32
778,32
1185,32
1398,32
754,32
643,32
499,32
623,32
945,32
1392,32
1254,32
1400,32
897,32
1101,32
1246,32
1465,32
1461,32
647,32
1540,32
889,32
1341,32
640,32
639,32
1597,32
872,32
1559,32
1396,32
1256,32
774,32
1377,32
1324,32
395,32
252,32
775,32
779,32
228,32
1264,32
547,32
1464,32
1280,32
292,32
1579,32
1537,32
649,32
1006,32
1022,32
740,32
1430,32
1481,32
1279,32
320,32
417,32
1002,32
737,32
1288,32
1108,32
1639,32
542,32
1016,32
1117,32
783,32
1090,32
1511,32
1204,32
1027,32
1435,32
917,32
653,32
648,32
738,32
1262,32
869,32
1395,32
1266,32
766,32
1541,32
765,32
876,32
1556,32
1555,32
1269,32
764,32
490,32
1548,32
1640,32
1524,32
218,32
1023,32
539,32
634,32
762,32
1021,32
551,32
1257,32
626,32
1194,32
1020,32
500,32
636,32
1017,32
1535,32
1247,32
886,32
951,32
1015,32
1379,32
771,32
1534,32
1404,32
864,32
1482,32
1456,32
1149,32
496,32
970,32
242,32
1035,32
1000,32
531,32
656,32
1109,32
1074,32
533,32
572,32
1533,32
1610,32
1591,32
995,32
494,32
1580,32
856,32
960,32
1140,32
438,32
1082,32
1113,32
1116,32
1089,32
866,32
1154,32
907,32
1409,32
1459,32
1037,32
657,32
583,32
1337,32
985,32
375,33
205,33
773,33
1483,33
1602,33
536,33
422,33
573,33
245,33
307,33
420,33
215,33
976,33
1395,33
1486,33
501,33
1535,33
1618,33
233,33
843,33
1565,33
1515,33
1503,33
492,33
65,33
1461,33
1493,33
608,33
518,33
1289,33
411,33
1502,33
742,33
1487,33
1671,33
639,33
647,33
804,33
1550,33
1497,33
196,33
710,33
1581,33
1605,33
1572,33
1494,33
895,33
1114,33
727,33
1485,33
1452,33
1511,33
722,33
1011,33
1271,33
1412,33
1418,33
911,33
436,33
814,33
1132,33
810,33
953,33
738,33
1548,33
145,33
897,33
1150,33
1382,33
1579,33
1170,33
1651,33
1407,33
699,33
716,33
1197,33
600,33
1406,33
254,33
1523,33
1500,33
1570,33
262,33
718,33
265,33
862,33
1387,33
130,33
112,33
1583,33
1652,33
592,33
1640,33
574,33
1608,33
1415,33
534,33
1081,33
1561,33
1606,33
548,33
821,33
919,33
1649,33
366,33
356,33
345,33
333,33
1526,33
218,33
1039,33
725,33
668,33
1573,33
289,33
1258,33
1209,33
938,33
877,33
558,33
1525,33
1498,33
1584,33
1380,33
505,33
1239,33
1604,33
1432,33
33,33
43,33
1279,33
1275,33
1116,33
849,33
760,33
1266,33
691,33
272,33
323,33
585,33
783,33
1531,33
1534,33
1588,33
1402,33
520,33
825,33
473,33
246,33
696,33
1221,33
1201,33
1035,33
884,33
1307,33
1631,33
31,33
1560,33
958,33
959,33
1004,33
631,33
453,33
651,33
506,33
438,33
479,33
610,33
1667,34
1746,34
1670,34
1680,34
1690,34
1785,34
65,34
1782,34
710,34
1695,34
1704,34
1367,34
340,34
1691,34
925,34
822,34
1712,34
215,34
1676,34
425,34
1583,34
580,34
1584,34
1679,34
1146,34
1777,34
359,34
644,34
742,34
718,34
455,34
321,34
1487,34
1671,34
441,34
1677,34
1194,34
1315,34
1385,34
658,34
1166,34
1581,34
1726,34
110,34
699,34
804,34
1524,34
552,34
1556,34
703,34
136,34
217,34
356,34
1461,34
1714,34
655,34
1675,34
1702,34
1579,34
1550,34
1407,34
944,34
1150,34
1132,34
1011,34
1031,34
1526,34
623,34
293,34
748,34
1197,34
1802,34
501,34
1651,34
1503,34
103,34
1350,34
1494,34
1515,34
1605,34
1121,34
896,34
1395,34
1652,34
1493,34
1523,34
422,34
375,34
448,35
940,35
1144,35
31,35
1751,35
1743,35
1031,35
970,35
634,35
1038,35
941,35
1670,35
325,35
1003,35
942,35
1054,35
1008,35
1114,35
1115,35
1182,35
1738,35
958,35
1046,35
944,35
943,35
953,35
314,35
1367,35
1307,35
1009,35
1608,35
1518,35
1199,35
1728,35
844,35
1415,35
1418,35
790,35
1435,35
342,35
455,35
1562,35
1723,35
576,35
624,35
1700,35
1712,35
274,35
1731,35
1041,35
110,35
1364,35
1354,35
1358,35
343,35
1303,35
1302,35
1191,35
1802,35
30,35
1724,35
1300,35
925,35
1695,35
1304,35
1306,35
971,35
1305,35
1624,35
1782,35
594,35
601,35
1733,35
92,35
1270,35
284,35
389,35
1560,35
93,35
791,35
293,35
621,35
338,35
1193,35
1361,35
1190,35
794,35
928,35
1625,35
1728,36
971,36
1270,36
202,36
1675,36
11,36
1454,36
0,36
785,36
491,36
1742,36
1731,36
1758,36
1755,36
17,36
1252,36
826,36
389,36
825,36
565,36
617,36
377,36
844,36
647,36
594,36
83,36
525,36
523,36
85,36
790,36
31,36
32,36
1626,36
1796,36
1700,36
1669,36
1739,36
1647,36
1456,36
1196,36
1375,36
448,36
489,36
1767,36
1082,36
1667,36
1035,36
1030,36
1249,36
875,36
865,36
1690,36
245,36
1746,36
1741,36
678,36
822,36
1713,36
145,36
691,36
696,36
700,36
701,36
702,36
131,36
1738,36
1057,37
1343,37
909,37
653,37
208,37
792,37
1569,37
281,37
344,37
167,37
1013,37
593,37
722,37
1062,37
739,37
1214,37
1127,37
680,37
645,37
1296,37
284,37
1404,37
1407,37
55,37
1096,37
738,37
1272,37
1329,37
728,37
744,37
1033,37
484,37
1649,37
876,37
1578,37
796,37
319,37
209,37
779,37
1154,37
817,37
816,37
783,37
46,37
778,37
1167,37
1055,37
1337,37
1380,37
579,37
1543,37
1208,37
827,37
400,37
431,37
476,37
447,37
1101,37
531,37
1520,37
1529,37
1359,37
1612,37
1393,37
1357,37
770,37
1379,37
1385,37
1530,37
711,37
1552,37
365,37
975,37
1122,37
640,37
490,37
508,37
525,37
616,37
813,37
919,37
1149,37
1551,37
664,37
723,37
500,37
721,37
1209,37
367,37
169,37
1394,37
289,37
292,37
751,37
1264,37
1269,37
1309,37
1586,37
483,37
1121,37
830,37
1544,37
656,37
1,37
908,37
979,37
989,37
1119,37
1217,37
1240,37
1301,37
1425,37
1468,37
1542,37
485,37
188,37
665,37
338,37
1293,37
369,37
1538,37
548,37
667,37
628,37
1318,37
203,37
551,37
630,37
766,37
1384,37
547,37
1200,37
857,37
1199,37
1535,37
618,37
949,37
1168,37
1519,37
1499,37
962,37
958,37
592,37
1052,37
964,37
1129,37
850,37
1733,37
1472,37
589,37
1205,37
1388,37
1418,37
863,37
1180,37
1203,37
883,37
884,37
1531,37
1145,37
1471,37
1390,37
560,37
879,37
1201,37
16,37
841,37
1064,37
752,37
584,37
1304,37
78,37
1255,37
952,37
869,37
537,37
1576,37
1210,37
977,37
128,37
607,37
524,37
605,37
1111,37
1093,37
1232,37
1348,37
260,37
1229,37
820,37
960,37
1221,37
804,37
1224,37
1419,37
1126,37
1594,37
1213,37
528,37
993,37
973,37
600,37
376,37
805,37
252,37
635,37
598,37
1588,37
564,37
1175,37
1198,37
1505,37
553,37
1088,37
720,37
1455,37
1173,37
1164,37
1039,37
1441,37
1364,37
270,37
1457,37
542,37
377,37
496,37
923,37
1282,37
1451,37
1508,37
807,37
1507,37
171,37
1450,37
1347,37
990,37
1108,37
623,37
995,37
506,37
1007,37
1006,37
336,37
1262,37
438,37
1105,37
1597,37
1243,37
1346,37
326,37
947,37
1000,37
998,37
966,37
970,37
1072,37
1645,37
1363,37
279,37
1325,37
1521,37
1059,37
1532,37
1081,37
295,37
66,37
1114,37
1611,37
33,37
1116,37
519,37
786,37
1236,37
1227,37
387,37
1321,37
1233,37
629,37
522,37
633,37
1222,37
797,37
1345,37
453,37
812,37
517,37
800,37
651,37
930,37
503,37
986,37
802,37
443,38
1256,38
271,38
1311,38
1345,38
1251,38
1559,38
1588,38
1227,38
892,38
280,38
1386,38
1495,38
54,38
1330,38
1399,38
1753,38
610,38
1314,38
241,38
1134,38
907,38
1593,38
1630,38
1369,38
95,38
1297,38
656,38
1296,38
249,38
237,38
291,38
452,38
1275,38
1303,38
418,38
515,38
534,38
360,38
471,38
1414,38
504,38
482,38
1522,38
1524,38
988,38
651,38
547,38
945,38
951,38
841,38
986,38
1107,38
1174,38
1006,38
913,38
1210,38
1530,38
1562,38
1295,38
1129,38
874,38
1116,38
828,38
609,38
634,38
1669,38
767,38
770,38
734,38
792,38
820,38
821,38
1215,38
1011,38
1100,38
1277,38
531,38
1372,38
1374,38
748,38
542,38
790,38
558,38
1529,38
1143,38
1415,38
122,38
448,38
1396,38
1060,38
585,38
1772,38
786,38
563,38
1379,38
1312,38
1455,38
816,38
1451,38
1457,38
1482,38
50,38
1519,38
1380,38
588,38
814,38
1106,38
1404,38
240,38
1300,38
395,38
473,38
704,38
1468,38
1321,38
1514,38
692,38
1162,38
317,38
1411,38
1435,38
1471,38
1499,38
1528,38
292,38
1161,38
1744,38
1623,38
1580,38
776,38
1249,38
506,38
1180,38
496,38
1531,38
484,38
1629,38
503,38
980,38
766,38
165,38
1001,38
743,38
1271,38
702,38
1596,38
1119,38
736,38
119,38
735,38
336,38
1087,38
1109,38
1175,38
659,38
1126,38
1047,38
445,38
372,38
754,38
768,38
322,38
745,38
744,38
711,38
510,38
1099,38
827,38
592,38
354,38
252,38
1141,38
633,38
985,38
1774,38
817,38
1407,38
960,38
635,38
411,38
694,38
939,38
962,38
977,38
1228,38
1184,38
1342,38
701,38
1097,38
1052,38
687,38
800,38
288,38
494,38
629,38
1080,38
1236,38
238,38
1569,38
1551,38
1299,38
1323,38
1409,38
1539,38
1263,38
1118,38
516,38
256,38
1117,38
72,38
1441,38
1542,38
1410,38
1325,38
887,38
1310,38
2,38
1238,38
802,38
1213,38
1102,38
1572,38
1422,38
984,38
1631,38
1334,38
1283,38
1262,38
1229,38
1366,38
326,38
1477,38
1440,38
1671,38
78,38
1341,38
1359,38
1363,38
1364,38
1288,38
1371,38
1384,38
1423,38
1425,38
1475,38
1285,38
561,38
958,38
964,38
1076,38
1389,38
1532,38
1533,38
1634,38
1108,38
632,38
949,38
297,38
157,38
539,38
1520,38
859,38
1571,38
815,38
523,38
607,38
586,38
1491,38
1512,38
1517,38
1518,38
781,38
938,38
880,38
253,38
30,38
1185,38
648,38
611,38
1148,38
1436,38
869,38
1645,38
183,38
1648,38
222,38
239,38
1387,38
1028,38
527,38
166,38
1610,38
548,38
553,38
1391,38
1290,38
978,38
623,38
751,38
981,38
367,38
760,38
823,38
691,38
993,38
1071,38
1083,38
1418,38
1466,38
1595,38
365,38
357,38
1464,38
640,38
234,38
1232,38
1443,38
21,38
1481,38
1111,38
1377,38
1408,38
1405,38
1442,38
860,38
619,38
722,38
300,38
1545,38
1331,38
1340,38
26,38
824,38
969,38
525,38
1193,38
1221,38
1223,38
1282,38
1183,38
1124,38
1091,38
654,38
758,38
998,38
1000,38
1019,38
1318,38
1338,38
1388,38
1189,38
73,38
289,38
616,38
1173,38
667,38
1188,38
637,38
1304,38
1307,38
1362,38
796,38
778,38
90,38
259,38
223,38
94,38
628,38
739,38
1007,38
1122,38
8,38
1430,38
1496,38
1329,38
99,38
312,38
920,38
1061,38
1113,38
1255,38
1258,38
25,38
71,38
1390,38
1770,38
1552,38
1621,38
862,38
551,38
1022,38
1043,38
1044,38
371,38
469,38
942,38
943,38
1521,38
350,38
572,38
990,38
1045,38
1114,38
1115,38
626,38
631,38
643,38
1448,38
1417,38
1220,38
1089,38
1036,38
1035,38
797,38
650,38
1037,38
118,38
66,38
67,38
564,38
1149,38
1241,38
555,38
922,38
1062,38
1216,38
910,38
918,38
1375,38
1272,38
1289,38
1166,38
661,38
1088,38
571,38
1383,38
1740,38
989,38
676,38
1301,38
1257,38
953,38
1167,38
1138,38
848,38
872,38
1112,38
1194,38
540,38
1195,38
320,38
1169,38
857,38
316,38
538,38
1079,38
1392,38
645,38
135,38
1467,38
1463,38
1121,38
1576,38
46,38
59,38
107,38
646,38
967,38
1601,38
712,38
1018,38
1393,38
1040,38
878,38
1484,38
773,38
1039,38
917,38
916,38
1264,38
714,38
1515,38
1582,38
1699,38
771,38
84,38
1395,38
1651,38
214,38
1591,38
853,38
228,38
919,38
1348,38
1266,38
1293,38
1231,38
1016,38
569,38
488,38
750,38
837,38
1505,38
42,38
604,38
162,38
1516,38
266,38
1309,38
587,38
1607,38
533,38
1067,38
1745,38
1732,38
1063,38
630,38
700,38
536,38
347,38
476,38
757,38
805,38
1316,38
1025,38
413,38
1480,39
282,39
212,39
796,39
919,39
868,39
1561,39
1598,39
866,39
1645,39
207,39
745,39
575,39
922,39
788,39
253,39
685,39
893,39
908,39
910,39
911,39
1410,39
1512,39
912,39
889,39
256,39
891,39
914,39
916,39
917,39
890,39
907,39
892,39
1059,39
1408,39
554,39
1458,39
1516,39
1278,39
850,39
695,39
1528,39
849,39
673,39
871,39
869,39
1332,39
1333,39
1330,39
1396,39
1296,39
1430,39
1449,39
1450,39
874,39
1468,39
1624,39
872,39
882,39
884,39
886,39
887,39
888,39
490,39
521,39
758,39
762,39
775,39
863,39
881,39
879,39
927,39
873,39
876,39
877,39
985,39
1316,39
1022,39
1023,39
1745,39
692,39
1024,39
1319,39
239,39
1030,39
1439,39
1028,39
1027,39
1025,39
820,39
1756,39
630,39
587,39
1015,39
1016,39
1017,39
1018,39
1019,39
1465,39
347,39
1021,39
1421,39
1440,39
1456,39
1020,39
1394,39
631,39
1032,39
197,39
1775,39
1175,39
1088,39
1089,39
1090,39
1091,39
1634,39
1093,39
1341,39
1099,39
1633,39
1119,39
721,39
1106,39
222,39
1087,39
185,39
1105,39
1102,39
1101,39
346,39
164,39
1597,39
1457,39
755,39
1035,39
1036,39
1037,39
1040,39
1047,39
1083,39
1082,39
1080,39
1076,39
1074,39
1072,39
1070,39
1056,39
1053,39
1052,39
1071,39
812,39
1013,39
951,39
952,39
986,39
958,39
959,39
960,39
961,39
962,39
964,39
966,39
967,39
968,39
969,39
970,39
973,39
1140,39
949,39
982,39
1220,39
980,39
979,39
977,39
975,39
984,39
344,39
236,39
216,39
1187,39
923,39
1109,39
948,39
947,39
945,39
939,39
938,39
935,39
931,39
930,39
929,39
937,39
998,39
1000,39
1002,39
792,39
696,39
691,39
689,39
1009,39
1007,39
1274,39
1352,39
1529,39
1471,39
1006,39
1402,39
994,39
993,39
992,39
990,39
989,39
988,39
987,39
995,39
1256,39
996,39
854,39
243,39
169,39
1732,39
1520,39
1110,39
42,39
1527,39
1701,39
794,39
393,39
365,39
1481,39
497,39
501,39
528,39
814,39
1669,39
469,39
1416,39
1417,39
1509,39
46,39
288,39
1622,39
43,39
1156,39
1118,39
1255,39
768,39
770,39
780,39
628,39
140,39
634,39
629,39
632,39
1141,39
765,39
1289,39
223,39
1362,39
1363,39
1391,39
1403,39
1414,39
1442,39
1485,39
1566,39
621,39
1324,39
1247,39
1625,39
1285,39
1284,39
1539,39
98,39
415,39
641,39
763,39
1005,39
465,39
1254,39
645,39
531,39
827,39
828,39
1460,39
833,39
1643,39
825,39
44,39
846,39
841,39
847,39
823,39
821,39
482,39
483,39
484,39
485,39
486,39
488,39
494,39
496,39
498,39
499,39
500,39
503,39
505,39
506,39
507,39
508,39
510,39
515,39
517,39
519,39
520,39
592,39
848,39
864,39
666,39
650,39
1046,39
1671,39
410,39
862,39
840,39
855,39
856,39
1484,39
857,39
859,39
1306,39
1369,39
1127,39
607,39
1335,39
1334,39
1315,39
715,39
259,39
664,39
371,39
24,39
30,39
37,39
1540,39
1568,39
1039,39
159,39
235,39
1041,39
1068,39
1302,39
1303,39
1300,39
736,39
1490,39
1531,39
1210,39
1559,39
1570,39
1607,39
1619,39
1629,39
304,39
1221,39
536,39
476,39
479,39
1062,39
944,39
830,39
839,39
1301,39
837,39
838,39
602,39
1590,39
1533,39
481,39
162,39
210,39
228,39
409,39
413,39
417,39
438,39
445,39
447,39
453,39
473,39
474,39
1295,39
1602,39
1464,39
1381,39
1136,39
1138,39
1142,39
1145,39
1298,39
1242,39
706,39
1137,39
1329,39
1134,39
1328,39
1211,39
1213,39
1214,39
1228,39
1236,39
943,39
729,39
1244,39
1326,39
1327,39
1129,39
1147,39
1364,39
1371,39
1372,39
240,39
1435,39
1432,39
714,39
35,39
176,39
1149,39
1122,39
1344,39
746,39
899,39
523,39
1345,39
1346,39
1347,39
1348,39
1349,39
1353,39
1357,39
369,39
1359,39
1126,39
1443,39
1444,39
1264,39
1096,39
148,39
1218,39
1205,39
1173,39
1466,39
1257,39
1224,39
1113,39
1116,39
1133,39
1183,39
1185,39
1195,39
1201,39
1111,39
739,39
661,39
547,39
1455,39
1229,39
1425,39
1380,39
1309,39
1107,39
1382,39
1383,39
1384,39
1379,39
662,39
553,39
319,39
1400,39
724,39
1459,39
1398,39
1392,39
1393,39
1390,39
1774,39
1385,39
1388,39
1518,39
1411,39
1389,39
1429,39
657,39
674,39
1418,39
1199,39
1653,39
1474,39
1241,39
1424,39
1422,39
1420,39
1419,39
242,39
372,39
527,39
1415,39
1562,39
1374,39
1376,39
1377,39
810,39
1467,39
1409,39
1251,39
1404,39
817,39
1547,39
802,39
1567,39
626,39
1610,39
1621,39
1648,39
801,39
656,39
635,39
1524,39
1441,39
633,39
478,39
648,39
524,39
750,39
1117,39
610,39
598,39
561,39
1121,39
687,39
533,39
1151,39
1108,39
1112,39
1167,39
1593,39
1208,39
1169,39
1168,39
1314,39
1243,39
1162,39
1325,39
774,39
740,39
816,39
1258,39
1321,39
1276,39
1310,39
1287,39
1290,39
1292,39
1294,39
452,39
1448,39
1131,39
1124,39
1437,39
1611,39
640,39
614,39
1451,39
1004,39
248,39
316,39
600,39
271,39
278,40
1766,40
19,40
524,40
1647,40
116,40
520,40
1190,40
508,40
384,40
992,40
1539,40
1206,40
994,40
1228,40
995,40
623,40
261,40
996,40
1261,40
779,40
1353,40
775,40
745,40
792,40
890,40
1249,40
989,40
1569,40
893,40
1532,40
1737,40
303,40
1281,40
1346,40
800,40
810,40
438,40
1559,40
966,40
1415,40
969,40
1234,40
1116,40
1218,40
592,40
613,40
684,40
1236,40
671,40
1409,40
1359,40
517,40
1207,40
1111,40
522,40
614,40
814,40
1597,40
1528,40
292,40
1047,40
802,40
798,40
993,40
1243,40
1534,40
1289,40
1246,40
1114,40
490,40
572,40
1341,40
1348,40
815,40
1232,40
1610,40
1634,40
510,40
406,40
1230,40
1233,40
1402,40
1594,40
611,40
1118,40
496,40
607,40
1329,40
645,40
849,40
1389,40
499,40
1371,40
551,40
55,40
250,40
1298,40
666,40
1053,40
1051,40
930,40
778,40
664,40
326,40
259,40
1037,40
1393,40
500,40
525,40
1221,40
1283,40
736,40
967,40
1301,40
1292,40
1614,40
1555,40
735,40
1119,40
1212,40
1417,40
1337,40
1357,40
1147,40
1300,40
271,40
1080,40
675,40
1580,40
689,40
1322,40
1323,40
1070,40
1318,40
696,40
465,40
682,40
1072,40
1314,40
354,40
485,40
648,40
1288,40
1056,40
667,40
1382,40
327,40
1307,40
1383,40
479,40
673,40
1306,40
1304,40
1629,40
360,40
1054,40
1551,40
1101,40
1507,40
1537,40
1024,40
628,40
1258,40
424,40
765,40
1342,40
1645,40
1266,40
1391,40
1372,40
445,40
1106,40
1108,40
630,40
1653,40
1262,40
1403,40
626,40
1256,40
1022,40
320,40
1002,40
1255,40
1000,40
772,40
1552,40
1210,40
1641,40
1275,40
1566,40
740,40
1279,40
1280,40
651,40
1090,40
758,40
1102,40
751,40
998,40
1009,40
1105,40
634,40
1317,40
1540,40
1020,40
1414,40
1016,40
1015,40
1099,40
1192,40
1354,40
1227,40
1593,40
1137,40
1185,40
1209,40
941,40
922,40
1187,40
964,40
940,40
1619,40
1361,40
1188,40
891,40
1489,40
1244,40
1217,40
1202,40
1191,40
944,40
943,40
548,40
783,40
1529,40
942,40
593,40
1214,40
1189,40
1640,40
553,40
1457,40
413,40
599,40
605,40
1735,40
1129,40
558,40
1195,40
827,40
1220,40
968,40
1533,40
1184,40
1038,40
417,40
1424,40
927,40
1131,40
1615,40
539,40
747,40
540,40
1471,40
879,40
948,40
1194,40
857,40
1358,40
856,40
1484,40
1455,40
874,40
952,40
584,40
395,40
582,40
863,40
1076,40
871,40
1522,40
1199,40
310,40
862,40
951,40
854,40
547,40
1435,40
358,40
888,40
752,40
1394,40
1299,40
1113,40
959,40
937,40
877,40
1021,40
1208,40
1485,40
531,40
1193,40
828,40
1224,40
1175,40
970,40
1448,40
1499,40
306,40
10,40
1363,40
975,40
560,40
409,40
568,40
566,40
609,40
1241,40
1198,40
1388,40
1376,40
1456,40
1443,40
945,40
947,41
722,41
1296,41
1289,41
1517,41
371,41
706,41
1246,41
1247,41
372,41
888,41
1362,41
1600,41
1452,41
1175,41
654,41
1474,41
1025,41
476,41
1432,41
544,41
1018,41
1288,41
886,41
1283,41
547,41
1521,41
1117,41
1524,41
58,41
1222,41
610,41
684,41
250,41
609,41
1122,41
1580,41
737,41
675,41
1655,41
736,41
1023,41
1595,41
607,41
1290,41
866,41
1137,41
1168,41
1636,41
871,41
770,41
1639,41
1631,41
503,41
539,41
88,41
657,41
670,41
702,41
917,41
792,41
805,41
1380,41
734,41
234,41
1320,41
1109,41
1468,41
959,41
923,41
809,41
582,41
740,41
1199,41
1790,41
1264,41
1035,41
990,41
536,41
1000,41
422,41
951,41
1596,41
548,41
500,41
961,41
1634,41
1530,41
299,41
1273,41
1332,41
605,41
254,41
744,41
647,41
1528,41
1102,41
1615,41
1514,41
1400,41
1325,41
1212,41
1584,41
813,41
1275,41
583,41
307,41
1118,41
1089,41
989,41
872,41
1280,41
1037,41
1105,41
561,41
585,41
507,41
1443,41
344,41
869,41
685,41
720,41
1106,41
881,41
240,41
1108,41
636,41
623,41
653,41
738,41
1420,41
873,41
874,41
316,41
651,41
1671,41
1564,41
919,41
1614,41
1322,41
1204,41
729,41
1583,41
540,41
1430,41
1093,41
1164,41
1040,41
369,41
1459,41
1056,41
682,41
484,41
1072,41
1382,41
1533,41
483,41
668,41
828,41
680,41
1059,41
573,41
485,41
715,41
1080,41
1579,41
1440,41
1645,41
1299,41
1184,41
1183,41
701,41
1572,41
553,41
1213,41
558,41
350,41
1457,41
662,41
1344,41
673,41
671,41
1081,41
1180,41
403,41
1520,41
1318,41
1329,41
571,41
453,41
1508,41
574,41
572,41
1330,41
912,41
783,41
445,41
984,41
360,41
1450,41
1088,41
1602,41
1570,41
1464,41
510,41
508,41
1566,41
964,41
1316,41
474,41
938,41
966,41
586,41
967,41
611,41
882,41
497,41
1389,41
969,41
1363,41
1019,41
879,41
846,41
271,41
1112,41
1337,41
1203,41
275,41
1404,41
1477,41
1561,41
1633,41
1353,41
367,41
1629,41
1074,41
727,41
887,41
721,41
564,41
537,41
1150,41
1594,41
1467,41
551,41
1128,41
228,41
699,41
1376,41
1166,41
922,41
43,41
616,41
700,41
1313,41
1466,41
1211,41
1052,41
1567,41
1547,41
1036,41
494,41
492,41
1006,41
1227,41
259,41
1461,41
1793,41
914,41
1496,41
1359,41
292,41
793,41
1233,41
1523,41
1242,41
779,41
1494,41
1210,41
330,41
1370,41
988,41
762,41
1178,41
600,41
1243,41
515,41
162,41
505,41
1503,41
613,41
525,41
1526,41
614,41
1129,41
336,41
387,41
1131,41
797,41
1201,41
593,41
1407,41
608,41
1403,41
1482,41
1537,41
1540,41
1490,41
1319,41
1070,41
1541,41
1255,41
592,41
907,41
1149,41
242,41
781,41
856,41
1016,41
995,41
1234,41
689,41
1408,41
618,41
1493,41
438,41
1387,41
210,41
329,41
1215,41
1396,41
1136,41
1323,41
621,41
1228,41
823,41
1412,41
522,41
1224,41
303,41
968,41
1475,41
1507,41
1225,41
825,41
973,41
807,41
1223,41
1422,41
980,41
1652,41
1346,41
975,41
249,41
1552,41
417,41
1509,41
1229,41
855,41
815,41
1502,41
1417,41
811,41
524,41
821,41
1402,41
1606,41
1506,41
1349,41
1126,41
850,41
1237,41
1239,41
1271,41
1522,41
1588,41
1516,41
800,41
1406,41
796,41
929,41
1409,41
1279,41
1301,41
436,41
1449,41
1515,41
1648,41
804,41
1218,41
985,41
1647,41
1287,41
977,41
1744,41
1611,41
1009,41
501,41
743,41
628,41
1265,41
1002,41
1487,41
1483,41
1236,41
1442,41
1262,41
1341,41
1559,41
693,41
767,41
962,41
972,41
534,41
857,41
760,41
533,41
1185,41
758,41
982,41
320,41
974,41
1618,41
765,41
634,41
1486,41
1610,41
1266,41
764,41
1484,41
248,41
1456,41
775,41
817,41
1111,41
626,41
979,41
773,41
1379,41
1020,41
1132,41
639,41
1256,41
1498,41
992,41
584,41
864,41
1272,41
1500,41
640,41
531,41
405,41
1241,41
772,41
560,41
645,41
306,41
751,41
1116,41
637,41
1202,41
229,41
1338,42
1519,42
553,42
1346,42
1391,42
1341,42
1438,42
568,42
1353,42
1323,42
271,42
1554,42
344,42
1334,42
493,42
1349,42
150,42
1388,42
1576,42
211,42
310,42
1621,42
1608,42
1516,42
1414,42
320,42
1324,42
1482,42
291,42
1449,42
1347,42
1561,42
779,42
1325,42
1508,42
1559,42
1509,42
1362,42
1372,42
1394,42
1481,42
1496,42
1541,42
1376,42
1451,42
93,42
1408,42
1513,42
1474,42
70,42
1724,42
1345,42
1505,42
1457,42
855,42
85,42
1537,42
1619,42
1433,42
336,42
776,42
1329,42
1435,42
1588,42
1404,42
1562,42
613,42
790,42
1591,42
1593,42
316,42
1594,42
1400,42
1337,42
303,42
1595,42
1596,42
706,42
1597,42
1607,42
530,42
1363,42
395,42
292,42
1566,42
1489,42
531,42
1567,42
634,42
1332,42
859,42
1227,42
1610,42
1488,42
1506,42
1315,42
805,42
1590,42
1468,42
1490,42
1540,42
1335,42
550,42
1534,42
1532,42
326,42
1533,42
1184,42
1514,42
927,42
1442,42
1392,42
1099,42
1464,42
1459,42
1162,42
1214,42
856,42
1018,42
1236,42
817,42
1052,42
1275,42
1640,42
1456,42
1380,42
958,42
329,42
558,42
1524,42
592,42
1310,42
1586,42
1331,42
1589,42
1382,42
371,42
890,42
1409,42
645,42
1384,42
1629,42
510,42
1522,42
1448,42
1539,42
409,42
1330,42
1484,42
916,42
1065,42
1313,42
1118,42
801,42
1296,42
1117,42
1647,42
438,42
560,42
582,42
611,42
768,42
770,42
968,42
970,42
1056,42
1106,42
1195,42
1359,42
1383,42
807,42
1109,42
816,42
1122,42
1340,42
984,42
975,42
616,42
417,42
982,42
1147,42
248,42
1517,42
796,42
234,42
1133,42
1209,42
525,42
1272,42
1229,42
1126,42
1131,42
1124,42
1071,42
1467,42
1221,42
814,42
815,42
473,42
614,42
664,42
700,42
701,42
1076,42
884,42
1116,42
1215,42
1258,42
1289,42
1080,42
1722,42
1102,42
1101,42
533,42
1093,42
1091,42
1088,42
947,42
1377,42
1083,42
1542,42
453,42
507,42
1161,42
1189,42
1185,42
1440,42
1396,42
1183,42
1175,42
402,42
495,42
403,42
1564,42
1072,42
1411,42
1108,42
623,42
780,42
784,42
869,42
1357,42
996,42
1202,42
1520,42
1027,42
687,42
1199,42
621,42
1198,42
497,42
250,42
1631,42
1507,42
1352,42
1283,42
1230,42
863,42
1194,42
1168,42
1151,42
1166,42
413,42
1371,42
1262,42
445,42
636,42
1454,42
1022,42
1180,42
1466,42
1422,42
951,42
887,42
696,42
1007,42
689,42
1059,42
821,42
1455,42
973,42
969,42
523,42
680,42
524,42
910,42
1019,42
1187,42
1530,42
486,42
347,42
242,42
240,42
964,42
893,42
754,42
571,42
822,42
488,42
879,42
876,42
986,42
987,42
1241,42
1231,42
985,42
1105,42
886,42
520,42
521,42
522,42
1491,42
990,42
977,42
1113,42
962,42
572,42
961,42
651,42
540,42
967,42
945,42
547,42
551,42
919,42
539,42
931,42
930,42
929,42
923,42
922,42
846,42
1000,42
1024,42
561,42
609,42
1299,42
1402,42
960,42
534,42
569,42
536,42
628,42
912,42
537,42
952,42
640,42
564,42
1206,42
1028,42
306,42
1015,42
508,42
500,42
1047,42
1035,42
1040,42
809,42
598,42
494,42
935,42
1415,42
1518,42
823,42
1295,42
992,42
485,42
781,42
607,42
483,42
605,42
1485,42
854,42
585,42
584,42
866,42
1389,42
871,42
993,42
1169,42
1025,42
593,42
1020,42
841,42
1017,42
995,42
1013,42
848,42
1006,42
1002,42
505,42
806,42
1090,42
727,42
372,42
702,42
1279,42
755,42
387,42
1728,42
891,42
1712,42
1225,42
1030,42
637,42
1309,42
1243,42
1420,42
1288,42
653,42
797,42
1210,42
1233,42
633,42
715,42
1287,42
1633,42
1316,42
1247,42
1249,42
210,42
1208,42
729,42
657,42
722,42
1201,42
750,42
1082,42
1246,42
1264,42
1477,42
1639,42
744,42
670,42
1269,42
1511,42
1531,42
720,42
238,42
684,42
760,42
1475,42
1265,42
228,42
656,42
1213,42
740,42
1255,42
735,42
360,42
673,42
1578,42
753,42
671,42
1444,42
1220,42
682,42
1450,42
1437,42
1218,42
771,42
1471,42
1317,42
1779,42
369,42
721,42
1217,42
1333,42
737,42
643,42
279,42
367,42
691,42
1211,42
736,42
1653,42
874,42
1292,42
1212,42
626,42
881,42
1321,42
1320,42
1232,42
764,42
630,42
1282,42
631,42
1636,42
1164,42
1318,42
766,42
1234,42
662,42
561,43
877,43
962,43
1109,43
961,43
960,43
959,43
864,43
964,43
1111,43
967,43
1471,43
986,43
985,43
984,43
469,43
354,43
982,43
980,43
584,43
966,43
979,43
975,43
973,43
970,43
969,43
1108,43
307,43
1482,43
1151,43
968,43
977,43
1610,43
715,43
958,43
888,43
583,43
409,43
1289,43
874,43
1167,43
1116,43
1117,43
945,43
1118,43
582,43
661,43
1168,43
289,43
939,43
1169,43
1154,43
938,43
937,43
1566,43
651,43
855,43
310,43
571,43
1335,43
952,43
1274,43
987,43
1134,43
1156,43
1161,43
876,43
869,43
1112,43
1162,43
1164,43
951,43
850,43
1481,43
1166,43
1113,43
949,43
948,43
947,43
1430,43
988,43
807,43
990,43
1142,43
626,43
1090,43
1056,43
1129,43
1053,43
1052,43
1047,43
1140,43
1040,43
1036,43
1035,43
1032,43
1126,43
720,43
1030,43
1028,43
1037,43
856,43
849,43
1059,43
882,43
1006,43
1087,43
1083,43
1185,43
1082,43
881,43
1080,43
1076,43
524,43
1131,43
1074,43
1072,43
771,43
1138,43
1137,43
1071,43
1136,43
1070,43
1133,43
1089,43
1088,43
1027,43
1485,43
666,43
1475,43
1002,43
995,43
664,43
1149,43
1000,43
998,43
1119,43
1007,43
1509,43
895,43
996,43
843,43
994,43
993,43
811,43
992,43
1499,43
1106,43
1091,43
1025,43
1024,43
1023,43
1022,43
1021,43
1020,43
1093,43
1019,43
1018,43
1124,43
1017,43
1122,43
1016,43
1015,43
1099,43
1101,43
1102,43
1013,43
1105,43
1145,43
1009,43
1147,43
989,43
486,43
857,43
935,43
673,43
563,43
1352,43
674,43
675,43
680,43
682,43
684,43
685,43
687,43
689,43
691,43
1512,43
695,43
1440,43
558,43
1580,43
667,43
700,43
665,43
670,43
671,43
254,43
345,43
1374,43
696,43
701,43
729,43
734,43
1631,43
1456,43
735,43
736,43
1457,43
911,43
737,43
738,43
739,43
727,43
724,43
1455,43
564,43
702,43
1634,43
706,43
721,43
722,43
1342,43
723,43
1528,43
600,43
585,43
586,43
1565,43
1372,43
922,43
591,43
592,43
593,43
598,43
605,43
1448,43
607,43
548,43
550,43
1223,43
551,43
553,43
560,43
923,43
568,43
1444,43
569,43
572,43
609,43
610,43
611,43
643,43
645,43
648,43
649,43
650,43
653,43
654,43
656,43
657,43
662,43
640,43
1450,43
637,43
613,43
614,43
616,43
618,43
621,43
623,43
628,43
630,43
631,43
1451,43
633,43
634,43
635,43
636,43
629,43
740,43
743,43
907,43
862,43
863,43
866,43
871,43
1562,43
872,43
873,43
879,43
859,43
1173,43
817,43
820,43
821,43
823,43
825,43
827,43
828,43
833,43
841,43
846,43
847,43
848,43
854,43
884,43
886,43
927,43
929,43
930,43
1468,43
1520,43
931,43
1419,43
1310,43
1199,43
889,43
919,43
917,43
887,43
890,43
891,43
892,43
816,43
893,43
908,43
910,43
912,43
914,43
916,43
1467,43
815,43
764,43
765,43
766,43
767,43
768,43
770,43
772,43
774,43
775,43
776,43
1593,43
778,43
763,43
779,43
762,43
744,43
745,43
750,43
751,43
1304,43
754,43
755,43
758,43
1488,43
760,43
780,43
781,43
806,43
239,43
810,43
809,43
812,43
813,43
217,43
814,43
805,43
250,43
802,43
783,43
1403,43
784,43
786,43
792,43
1325,43
796,43
1285,43
797,43
798,43
800,43
801,43
1175,43
1204,43
1183,43
1228,43
1516,43
1517,43
1518,43
1519,43
1555,43
1521,43
1522,43
1524,43
1514,43
1513,43
1556,43
292,43
1496,43
1505,43
1506,43
1507,43
1508,43
1511,43
234,43
1547,43
1551,43
1552,43
1559,43
1561,43
1564,43
1567,43
1569,43
1571,43
1546,43
1529,43
1545,43
1543,43
1292,43
1530,43
1531,43
1532,43
1533,43
1534,43
1537,43
1539,43
1540,43
1329,43
1541,43
1542,43
1544,43
1332,43
1222,43
1458,43
1459,43
1464,43
48,43
1465,43
1466,43
1425,43
1432,43
1435,43
1437,43
1439,43
1441,43
1442,43
1443,43
1449,43
1484,43
1489,43
1490,43
1243,43
1491,43
1619,43
1588,43
291,43
1576,43
1477,43
1480,43
1341,43
1203,43
1474,43
1578,43
1586,43
521,43
522,43
1214,43
24,43
1297,43
1395,43
1640,43
347,43
608,43
517,43
519,43
520,43
271,43
1227,43
26,43
1608,43
1636,43
55,43
1486,43
1232,43
1231,43
1038,43
210,43
67,43
1621,43
252,43
1625,43
1629,43
1630,43
336,43
1633,43
1615,43
1589,43
1590,43
1591,43
1594,43
1595,43
1596,43
1597,43
1607,43
1318,43
1244,43
1241,43
1614,43
1639,43
1653,43
1296,43
1217,43
279,43
1643,43
1645,43
1647,43
1648,43
157,43
1180,43
1424,43
1421,43
1400,43
238,43
1247,43
1411,43
531,43
483,43
248,43
197,43
1262,43
1263,43
1210,43
1264,43
1265,43
1266,43
1269,43
1272,43
1273,43
106,43
1258,43
1410,43
1315,43
1208,43
1257,43
599,43
1209,43
1211,43
71,43
1212,43
1213,43
1215,43
1218,43
1220,43
1206,43
1184,43
1187,43
1189,43
1194,43
1195,43
1198,43
1321,43
1201,43
1202,43
1205,43
1221,43
1242,43
1246,43
1248,43
1249,43
1251,43
1254,43
1255,43
1256,43
1238,43
1236,43
1224,43
1225,43
1229,43
1230,43
1233,43
1234,43
1422,43
1275,43
1363,43
1364,43
1371,43
1376,43
1377,43
1379,43
1380,43
1382,43
1383,43
1362,43
303,43
1349,43
1353,43
1357,43
1359,43
1385,43
1408,43
1409,43
1414,43
1415,43
1416,43
1417,43
1418,43
1420,43
1404,43
1384,43
1388,43
1389,43
1390,43
1391,43
1392,43
1393,43
1394,43
1396,43
1398,43
1402,43
1348,43
1298,43
320,43
1299,43
1301,43
1309,43
1313,43
1314,43
1295,43
1294,43
1290,43
1276,43
1278,43
1279,43
1280,43
1282,43
1283,43
1284,43
1287,43
1288,43
1316,43
1317,43
1344,43
1345,43
1346,43
1347,43
1340,43
1338,43
1319,43
1320,43
1322,43
1323,43
1324,43
1331,43
1333,43
1334,43
1337,43
1330,43
547,43
536,43
540,43
542,43
447,43
445,43
528,43
479,43
1618,43
476,43
326,43
360,43
329,43
453,43
473,43
481,43
249,43
417,43
413,43
436,43
523,43
113,43
438,43
485,43
259,43
242,43
240,43
228,43
503,43
162,43
357,43
350,43
344,43
327,43
316,43
1503,43
375,43
272,43
505,43
306,43
484,43
1190,43
500,43
499,43
490,43
494,43
497,43
1387,43
367,43
411,43
372,43
369,43
159,43
395,43
1495,43
185,43
179,43
89,43
371,43
498,43
496,43
488,43
525,43
506,43
1494,43
1583,43
148,43
482,43
474,43
539,43
537,43
534,43
533,43
198,43
510,43
508,43
507,43
515,43
387,43
403,43
1484,44
635,44
1242,44
1517,44
1455,44
1415,44
1047,44
1335,44
1243,44
1140,44
586,44
1457,44
863,44
859,44
856,44
948,44
560,44
1244,44
292,44
671,44
755,44
767,44
1341,44
751,44
1233,44
855,44
754,44
1364,44
1608,44
634,44
1430,44
539,44
1491,44
1409,44
564,44
1122,44
618,44
1404,44
540,44
1247,44
1221,44
674,44
1264,44
637,44
1257,44
1645,44
1262,44
1289,44
1313,44
1263,44
1376,44
1435,44
876,44
1265,44
1474,44
1314,44
1357,44
1530,44
1512,44
1208,44
1450,44
1419,44
1283,44
1202,44
623,44
1105,44
949,44
797,44
758,44
1449,44
645,44
807,44
1249,44
820,44
916,44
640,44
524,44
922,44
1059,44
1108,44
1126,44
1255,44
507,44
1287,44
1256,44
1222,44
745,44
1559,44
1269,44
1552,44
1353,44
1610,44
774,44
1342,44
1542,44
1544,44
320,44
628,44
653,44
1201,44
1213,44
1569,44
891,44
1210,44
1187,44
1546,44
800,44
1566,44
1296,44
1231,44
911,44
1169,44
1547,44
1223,44
537,44
1541,44
1653,44
1396,44
1083,44
536,44
506,44
1586,44
1299,44
1217,44
1337,44
910,44
1028,44
772,44
912,44
547,44
764,44
763,44
760,44
762,44
228,44
1183,44
1348,44
1347,44
869,44
1346,44
1232,44
505,44
1648,44
1236,44
1647,44
1266,44
914,44
947,44
1543,44
1551,44
1224,44
1036,44
1211,44
1212,44
649,44
872,44
765,44
1417,44
975,44
1234,44
1030,44
666,44
862,44
873,44
1440,44
667,44
670,44
1329,44
558,44
1301,44
1411,44
1089,44
1519,44
1499,44
987,44
584,44
1451,44
553,44
360,44
1391,44
1332,44
665,44
1338,44
1359,44
1379,44
1392,44
1331,44
937,44
1254,44
1333,44
1134,44
551,44
1595,44
1184,44
344,44
919,44
1593,44
931,44
1481,44
520,44
651,44
259,44
1290,44
1199,44
1448,44
1220,44
938,44
585,44
923,44
673,44
989,44
1320,44
1318,44
347,44
743,44
744,44
786,44
776,44
682,44
583,44
1580,44
680,44
1317,44
1325,44
1166,44
689,44
871,44
1414,44
687,44
1310,44
1322,44
1633,44
973,44
1149,44
675,44
1522,44
998,44
357,44
1630,44
636,44
1316,44
510,44
350,44
1443,44
700,44
701,44
1315,44
1298,44
1482,44
1511,44
737,44
1639,44
1564,44
654,44
995,44
1643,44
1167,44
828,44
1340,44
372,44
945,44
877,44
1205,44
1279,44
958,44
1489,44
1520,44
664,44
1383,44
1275,44
629,44
893,44
738,44
740,44
1330,44
1319,44
739,44
805,44
722,44
1280,44
582,44
445,44
1589,44
289,44
1380,44
1288,44
1625,44
1090,44
721,44
496,44
720,44
1136,44
1154,44
1295,44
964,44
1285,44
1206,44
1238,44
1562,44
734,44
1418,44
735,44
521,44
525,44
1282,44
960,44
1424,44
1025,44
1124,44
1168,44
1394,44
1180,44
727,44
729,44
1444,44
1023,44
1106,44
979,44
857,44
817,44
813,44
1422,44
846,44
1507,44
329,44
1080,44
369,44
1056,44
1488,44
611,44
1509,44
810,44
1597,44
811,44
1508,44
453,44
1607,44
1513,44
1052,44
1490,44
474,44
1529,44
1377,44
1506,44
1496,44
508,44
889,44
593,44
1072,44
1021,44
815,44
271,44
1567,44
980,44
908,44
1017,44
1109,44
1402,44
1015,44
1590,44
1204,44
438,44
1385,44
1514,44
162,44
1408,44
1466,44
986,44
447,44
887,44
476,44
881,44
550,44
784,44
1020,44
1372,44
1467,44
1013,44
500,44
977,44
1027,44
486,44
234,44
607,44
1053,44
490,44
985,44
519,44
643,44
1388,44
775,44
1389,44
499,44
1024,44
600,44
598,44
656,44
825,44
850,44
1113,44
684,44
1037,44
996,44
1016,44
1230,44
1294,44
1218,44
528,44
1382,44
929,44
1227,44
1437,44
1528,44
1532,44
483,44
886,44
1471,44
326,44
609,44
481,44
780,44
327,44
1384,44
648,44
610,44
833,44
969,44
1410,44
522,44
517,44
484,44
387,44
1371,44
572,44
310,44
533,44
1173,44
849,44
1246,44
534,44
1175,44
1002,44
250,44
614,44
1533,44
571,44
210,44
1615,44
413,44
1161,44
962,44
1164,44
1147,44
1006,44
848,44
417,44
1082,44
531,44
1634,44
1162,44
1534,44
569,44
238,44
992,44
952,44
990,44
783,44
1000,44
1539,44
1189,44
409,44
403,44
1596,44
1398,44
316,44
768,44
1117,44
1591,44
1116,44
613,44
801,44
592,44
802,44
1138,44
982,44
1588,44
1131,44
1129,44
966,44
523,44
1118,44
1151,44
1521,44
1475,44
336,44
1614,44
771,44
1145,44
1111,44
1465,44
1362,44
1713,45
1588,45
1589,45
1614,45
1634,45
1630,45
1639,45
1610,45
1648,45
1663,45
1640,45
1586,45
1621,45
1608,45
1594,45
1636,45
1645,45
1629,45
1593,45
1715,45
1597,45
1653,45
563,45
531,45
1029,45
1288,45
666,45
372,45
673,45
1279,45
873,45
1541,45
674,45
1282,45
675,45
549,45
1283,45
1105,45
1532,45
1289,45
1024,45
1534,45
1295,45
1542,45
1531,45
1552,45
1556,45
1137,45
560,45
259,45
1564,45
1297,45
1567,45
1023,45
996,45
1466,45
1022,45
1474,45
1475,45
670,45
1530,45
640,45
1506,45
1514,45
1519,45
371,45
1275,45
1517,45
763,45
786,45
1264,45
783,45
772,45
650,45
631,45
572,45
479,45
1263,45
1269,45
528,45
1435,45
827,45
962,45
960,45
1257,45
959,45
914,45
893,45
855,45
815,45
1037,45
1258,45
888,45
1262,45
869,45
866,45
833,45
889,45
1298,45
1392,45
1080,45
1224,45
863,45
1448,45
1449,45
534,45
1450,45
1385,45
764,45
481,45
593,45
1465,45
1456,45
784,45
662,45
680,45
1457,45
1507,45
533,45
387,45
856,45
857,45
859,45
228,45
977,45
937,45
779,45
661,45
561,45
1329,45
1169,45
1364,45
1214,45
1116,45
990,45
210,45
497,45
995,45
1338,45
1551,45
1341,45
998,45
781,45
778,45
1234,45
1218,45
1332,45
1101,45
350,45
1002,45
547,45
1000,45
347,45
500,45
564,45
1088,45
989,45
1087,45
882,45
1102,45
1109,45
344,45
987,45
948,45
945,45
1346,45
1348,45
796,45
494,45
1249,45
1129,45
993,45
653,45
651,45
1349,45
1340,45
975,45
1330,45
1537,45
1314,45
1371,45
1374,45
1440,45
1430,45
360,45
665,45
1316,45
1015,45
1317,45
1619,45
486,45
1505,45
303,45
539,45
1357,45
1299,45
667,45
1580,45
485,45
664,45
1590,45
750,45
1227,45
357,45
1324,45
810,45
1318,45
240,45
1071,45
1013,45
771,45
1319,45
1205,45
522,45
1243,45
1111,45
846,45
724,45
807,45
823,45
417,45
1255,45
1185,45
438,45
1204,45
1415,45
722,45
1202,45
1198,45
447,45
1119,45
473,45
721,45
979,45
1162,45
1164,45
1220,45
1199,45
1118,45
413,45
743,45
250,45
1210,45
1215,45
751,45
1212,45
754,45
551,45
1099,45
1217,45
469,45
879,45
1213,45
1238,45
1173,45
1209,45
947,45
1211,45
1112,45
234,45
598,45
553,45
1390,45
1168,45
1138,45
738,45
1496,45
1122,45
1167,45
1175,45
729,45
1396,45
1134,45
737,45
1136,45
1180,45
736,45
734,45
1578,45
558,45
248,45
1154,45
735,45
1149,45
1147,45
1166,45
1294,45
1126,45
1195,45
1232,45
242,45
723,45
739,45
1025,45
1290,45
1187,45
1455,45
1093,45
687,45
1233,45
1545,45
758,45
1225,45
1347,45
1246,45
1443,45
755,45
919,45
1376,45
1379,45
821,45
623,45
1056,45
689,45
696,45
395,45
1451,45
1539,45
1248,45
841,45
1359,45
1242,45
994,45
550,45
988,45
910,45
887,45
768,45
1072,45
1089,45
1082,45
1222,45
1108,45
1090,45
1221,45
1083,45
474,45
1091,45
1529,45
65,45
637,45
643,45
700,45
634,45
1229,45
1363,45
1377,45
656,45
633,45
521,45
569,45
571,45
1230,45
609,45
629,45
630,45
923,45
403,45
616,45
310,45
648,45
780,45
292,45
1414,45
952,45
1032,45
1540,45
525,45
1596,45
811,45
583,45
1543,45
320,45
809,45
628,45
582,45
922,45
1441,45
592,45
1028,45
1309,45
1420,45
1468,45
1030,45
817,45
537,45
1482,45
508,45
822,45
1481,45
776,45
1404,45
828,45
1544,45
1516,45
886,45
1408,45
949,45
961,45
982,45
1409,45
568,45
1310,45
610,45
510,45
503,45
907,45
951,45
607,45
1459,45
306,45
520,45
1206,45
621,45
816,45
536,45
1521,45
524,45
1201,45
1411,45
274,45
1189,45
1471,45
1615,45
691,45
1522,45
931,45
929,45
1528,45
1509,45
1499,45
611,45
844,45
1113,45
706,45
1444,45
1524,45
1070,45
1244,45
1546,45
307,45
1576,45
1398,45
585,45
330,45
767,45
496,45
1491,45
645,45
1315,45
271,45
1296,45
1353,45
1006,45
973,45
39,45
229,45
820,45
875,45
636,45
1559,45
1203,45
1490,45
1566,45
984,45
985,45
849,45
881,45
613,45
649,45
986,45
1016,45
499,45
1508,45
847,45
336,45
872,45
792,45
605,45
891,45
1388,45
1562,45
1591,45
916,45
1484,45
326,45
800,45
1380,45
1518,45
806,45
964,45
1485,45
1393,45
805,45
877,45
540,45
1382,45
968,45
1372,45
966,45
1511,45
327,45
1254,45
505,45
1555,45
1194,45
584,45
1124,45
1547,45
1449,46
1338,46
1099,46
523,46
917,46
737,46
1088,46
1390,46
1417,46
1080,46
755,46
519,46
1047,46
1185,46
947,46
1285,46
850,46
910,46
1093,46
1513,46
1035,46
525,46
1348,46
1227,46
848,46
1102,46
1456,46
1090,46
929,46
1385,46
751,46
1414,46
1007,46
754,46
1287,46
643,46
911,46
1105,46
1118,46
908,46
1614,46
531,46
1129,46
671,46
553,46
539,46
876,46
524,46
520,46
1517,46
1455,46
640,46
1126,46
856,46
1124,46
1440,46
869,46
879,46
874,46
1133,46
438,46
863,46
722,46
735,46
871,46
1437,46
1147,46
873,46
1145,46
558,46
1142,46
1136,46
738,46
1415,46
1363,46
674,46
528,46
1116,46
724,46
729,46
743,46
973,46
551,46
1331,46
864,46
1316,46
1111,46
745,46
893,46
1209,46
907,46
1345,46
453,46
1109,46
505,46
740,46
889,46
887,46
1228,46
814,46
445,46
1138,46
1106,46
1027,46
645,46
1283,46
534,46
1485,46
884,46
886,46
1119,46
473,46
1221,46
1013,46
1199,46
1210,46
979,46
474,46
1076,46
767,46
802,46
540,46
964,46
547,46
1017,46
1016,46
486,46
1015,46
1317,46
771,46
1530,46
797,46
970,46
1329,46
975,46
774,46
775,46
862,46
1380,46
1537,46
484,46
809,46
1162,46
810,46
951,46
510,46
1025,46
959,46
1295,46
995,46
807,46
766,46
1265,46
823,46
1477,46
960,46
958,46
1532,46
1023,46
1488,46
1002,46
993,46
497,46
500,46
982,46
784,46
1545,46
1625,46
984,46
1230,46
986,46
1298,46
1296,46
1248,46
1247,46
1225,46
1224,46
542,46
1222,46
992,46
987,46
988,46
977,46
490,46
1211,46
762,46
1580,46
780,46
998,46
503,46
1490,46
499,46
1273,46
1213,46
1212,46
1244,46
1117,46
1166,46
1466,46
1522,46
811,46
1544,46
1071,46
935,46
550,46
1070,46
922,46
1528,46
1236,46
479,46
1175,46
760,46
1319,46
923,46
847,46
841,46
664,46
1201,46
1400,46
914,46
682,46
522,46
1083,46
533,46
758,46
1187,46
919,46
1420,46
1089,46
1183,46
881,46
1255,46
1404,46
613,46
1647,46
1610,46
1032,46
763,46
536,46
945,46
1491,46
1030,46
593,46
1022,46
764,46
817,46
1333,46
508,46
948,46
521,46
833,46
938,46
1053,46
827,46
1052,46
1465,46
1443,46
1402,46
1332,46
1591,46
825,46
1264,46
996,46
1349,46
1353,46
648,46
1341,46
336,46
1357,46
564,46
1202,46
271,46
1359,46
778,46
650,46
344,46
634,46
653,46
1342,46
654,46
1321,46
1344,46
1352,46
1435,46
372,46
888,46
1289,46
326,46
327,46
1388,46
628,46
1391,46
1394,46
1422,46
572,46
1398,46
569,46
1496,46
689,46
571,46
1364,46
563,46
1362,46
162,46
637,46
967,46
1559,46
1372,46
1392,46
1482,46
1374,46
635,46
1233,46
1442,46
1633,46
360,46
1608,46
1322,46
1634,46
1520,46
1519,46
616,46
614,46
1596,46
611,46
1451,46
1323,46
1320,46
661,46
1334,46
1299,46
667,46
1282,46
1310,46
1324,46
1313,46
403,46
1314,46
666,46
665,46
1056,46
980,46
727,46
700,46
1346,46
1325,46
623,46
651,46
584,46
347,46
1408,46
1441,46
786,46
250,46
662,46
350,46
1274,46
1467,46
649,46
1131,46
1512,46
1396,46
1533,46
1561,46
1516,46
1590,46
586,46
279,46
592,46
1521,46
1630,46
1631,46
609,46
292,46
1529,46
1514,46
1173,46
618,46
1484,46
1499,46
952,46
1507,46
806,46
815,46
816,46
1506,46
1567,46
1541,46
1564,46
1189,46
966,46
1566,46
605,46
1556,46
291,46
607,46
610,46
1534,46
1082,46
1543,46
583,46
1546,46
1607,46
1418,46
1419,46
1430,46
582,46
626,46
765,46
798,46
937,46
1020,46
1542,46
1243,46
630,46
1410,46
1389,46
855,46
1621,46
1468,46
1471,46
1474,46
721,46
585,46
1481,46
310,46
1444,46
1448,46
1464,46
1645,46
1457,46
1257,46
1258,46
1256,46
1231,46
772,46
1232,46
949,46
1246,46
1653,46
1215,46
560,46
702,46
395,46
1218,46
517,46
685,46
1180,46
469,46
1214,46
1275,46
1276,46
1377,46
1208,46
1379,46
1254,46
409,46
1272,46
1204,46
1292,46
680,46
1206,46
1217,46
1223,46
1229,46
820,46
417,46
1294,46
1238,46
1242,46
854,46
1330,46
715,46
1009,46
249,46
1640,46
670,46
1167,46
1639,46
1288,46
675,46
916,46
387,46
1169,46
248,46
371,46
259,46
720,46
1297,46
354,46
968,46
1164,46
1290,46
1337,46
329,46
413,46
1249,46
1411,46
1595,46
1262,46
1403,46
584,47
1089,47
1297,47
1474,47
551,47
847,47
654,47
1296,47
721,47
723,47
1227,47
533,47
815,47
729,47
1233,47
1194,47
1090,47
616,47
585,47
739,47
825,47
841,47
1349,47
623,47
1341,47
1151,47
613,47
607,47
558,47
1334,47
1556,47
1248,47
737,47
1244,47
1243,47
1241,47
1133,47
1087,47
927,47
797,47
778,47
760,47
592,47
700,47
857,47
863,47
600,47
722,47
605,47
685,47
234,47
534,47
531,47
593,47
1383,47
973,47
360,47
998,47
1435,47
610,47
988,47
720,47
767,47
817,47
864,47
916,47
848,47
952,47
1117,47
1310,47
1391,47
553,47
547,47
1269,47
1329,47
1299,47
846,47
1404,47
738,47
854,47
1380,47
1217,47
609,47
985,47
986,47
1198,47
1199,47
1274,47
1362,47
1377,47
740,47
1518,47
779,47
1013,47
1578,47
1586,47
960,47
1640,47
210,47
727,47
1647,47
1543,47
1164,47
650,47
666,47
648,47
651,47
781,47
886,47
961,47
691,47
689,47
1489,47
1467,47
583,47
745,47
671,47
568,47
758,47
643,47
1213,47
702,47
1230,47
564,47
1020,47
1070,47
1255,47
1437,47
1371,47
1099,47
966,47
1101,47
772,47
1615,47
1531,47
665,47
1313,47
1032,47
1314,47
962,47
766,47
989,47
993,47
1625,47
664,47
768,47
1315,47
1340,47
653,47
784,47
656,47
645,47
762,47
763,47
1320,47
1262,47
674,47
680,47
1338,47
1321,47
1289,47
881,47
1072,47
536,47
958,47
750,47
1236,47
820,47
1398,47
628,47
935,47
1015,47
1419,47
1594,47
814,47
1285,47
889,47
813,47
810,47
1540,47
1206,47
888,47
833,47
743,47
922,47
715,47
1517,47
1203,47
1202,47
621,47
811,47
798,47
923,47
540,47
1082,47
1093,47
755,47
1524,47
809,47
706,47
634,47
636,47
979,47
542,47
635,47
633,47
539,47
754,47
630,47
850,47
821,47
807,47
1059,47
1633,47
631,47
937,47
751,47
869,47
1379,47
1222,47
1444,47
1443,47
1210,47
1221,47
250,47
1223,47
409,47
1449,47
1441,47
1440,47
403,47
1228,47
1225,47
1506,47
1212,47
1276,47
1409,47
1596,47
1450,47
1619,47
1319,47
1471,47
1521,47
1214,47
1215,47
486,47
786,47
252,47
1232,47
1185,47
1242,47
1634,47
1246,47
1254,47
1411,47
1258,47
1265,47
1636,47
1264,47
162,47
1420,47
320,47
1551,47
395,47
310,47
1234,47
1477,47
316,47
1430,47
967,47
1195,47
1209,47
1211,47
1231,47
303,47
1475,47
1131,47
1468,47
1145,47
1147,47
1324,47
445,47
1229,47
1118,47
1119,47
1122,47
1484,47
1511,47
1485,47
1390,47
1111,47
1482,47
306,47
1129,47
1466,47
1455,47
1201,47
1530,47
413,47
438,47
417,47
1566,47
1456,47
1465,47
1161,47
1459,47
1167,47
1173,47
1175,47
1180,47
1183,47
1187,47
1457,47
1116,47
387,47
1344,47
1102,47
1352,47
329,47
1353,47
657,47
1408,47
1346,47
1392,47
1376,47
519,47
537,47
347,47
344,47
662,47
1374,47
1342,47
271,47
586,47
893,47
259,47
1593,47
1610,47
1403,47
1396,47
327,47
1400,47
326,47
1389,47
1490,47
292,47
1363,47
1364,47
1519,47
1414,47
1168,47
369,47
372,47
1283,47
1287,47
1288,47
1301,47
1290,47
1292,47
1562,47
1294,47
453,47
1282,47
1279,47
1418,47
1417,47
1272,47
1388,47
1415,47
1643,47
1080,47
510,47
1273,47
1275,47
506,47
1330,47
350,47
1332,47
1333,47
1331,47
982,47
1337,47
517,47
1323,47
1298,47
1608,47
1318,47
1393,47
500,47
1448,47
548,47
970,47
959,47
975,47
505,47
1529,47
503,47
522,47
964,47
508,47
919,47
1564,47
1533,47
1539,47
859,47
523,47
912,47
525,47
1576,47
990,47
1537,47
684,47
499,47
770,47
521,47
994,47
939,47
572,47
524,47
984,47
1382,47
987,47
914,47
515,47
947,47
930,47
948,47
949,47
1220,47
1205,47
775,47
951,47
992,47
1372,47
945,47
1559,47
1018,47
520,47
1541,47
1023,47
1534,47
995,47
1030,47
1555,47
507,47
1552,47
1126,47
1257,47
1322,47
1345,47
1347,47
560,47
479,47
1037,47
882,47
1047,47
1053,47
1056,47
1028,47
877,47
876,47
637,47
1224,47
887,47
481,47
1035,47
1083,47
1496,47
469,47
1105,47
871,47
1108,47
447,47
1648,47
1499,47
1595,47
1507,47
473,47
1597,47
240,47
474,47
1505,47
1567,47
1022,47
490,47
823,47
1588,47
1009,47
996,47
279,47
1516,47
1545,47
1002,47
1532,47
494,47
1000,47
1109,47
1528,47
289,47
488,47
484,47
483,47
1513,47
1024,47
890,47
1027,47
528,47
485,47
968,47
1016,47
1590,47
1019,47
1204,47
964,48
923,48
289,48
994,48
291,48
238,48
485,48
825,48
745,48
600,48
326,48
1105,48
786,48
336,48
572,48
871,48
438,48
1006,48
1185,48
1116,48
1101,48
1209,48
306,48
1257,48
645,48
584,48
1151,48
884,48
271,48
1341,48
1643,48
310,48
1106,48
582,48
1335,48
1273,48
1142,48
1418,48
303,48
1256,48
1449,48
1490,48
523,48
1056,48
488,48
636,48
1309,48
657,48
715,48
1459,48
893,48
558,48
984,48
292,48
1457,48
1518,48
1533,48
320,48
1210,48
1516,48
700,48
1389,48
395,48
1468,48
1464,48
1440,48
1315,48
1296,48
1206,48
1122,48
1508,48
1415,48
1016,48
886,48
605,48
1136,48
975,48
696,48
653,48
316,48
927,48
593,48
1228,48
613,48
633,48
680,48
531,48
548,48
547,48
481,48
821,48
1385,48
1388,48
1566,48
1567,48
1645,48
490,48
496,48
635,48
1169,48
1168,48
779,48
1175,48
1485,48
499,48
500,48
888,48
621,48
720,48
569,48
469,48
473,48
1507,48
474,48
476,48
778,48
1408,48
240,48
1290,48
1313,48
550,48
1393,48
483,48
970,48
1403,48
1419,48
486,48
1292,48
539,48
536,48
519,48
521,48
807,48
850,48
522,48
564,48
525,48
508,48
1264,48
1112,48
242,48
1262,48
561,48
445,48
515,48
1325,48
1013,48
503,48
505,48
973,48
1183,48
506,48
1208,48
952,48
874,48
1374,48
507,48
534,48
453,48
447,48
360,48
259,48
369,48
250,48
387,48
849,48
751,48
609,48
417,48
654,48
866,48
1040,48
1213,48
1227,48
1266,48
1248,48
354,48
327,48
571,48
1546,48
568,48
563,48
674,48
329,48
542,48
721,48
344,48
347,48
960,48
1595,48
1444,48
1424,48
846,48
947,48
945,48
760,48
586,48
734,48
869,48
1276,48
1316,48
1224,48
553,48
1338,48
1028,48
1091,48
249,48
252,48
662,48
592,48
372,48
1323,48
357,48
413,48
248,48
979,48
560,48
768,48
1324,48
1578,48
1345,48
1332,48
1329,48
949,48
1346,48
951,48
1634,48
1400,48
1222,48
1020,48
967,48
961,48
1391,48
1633,48
1331,48
403,48
919,48
1614,48
922,48
930,48
1287,48
931,48
935,48
1647,48
911,48
1334,48
962,48
1631,48
1318,48
989,48
1288,48
1298,48
1414,48
1289,48
995,48
993,48
992,48
996,48
1569,48
998,48
1000,48
1295,48
982,48
969,48
1236,48
977,48
987,48
980,48
1608,48
1541,48
1361,48
854,48
855,48
1189,48
856,48
857,48
859,48
862,48
1358,48
1314,48
1359,48
1531,48
864,48
1319,48
953,48
1372,48
1371,48
876,48
1275,48
823,48
1615,48
812,48
1364,48
873,48
1357,48
916,48
917,48
1129,48
1180,48
1211,48
1342,48
1238,48
1243,48
1244,48
1333,48
1344,48
1379,48
1384,48
1353,48
879,48
881,48
882,48
1349,48
1263,48
890,48
1537,48
891,48
889,48
1564,48
914,48
1380,48
1002,48
1233,48
1149,48
1474,48
1229,48
1231,48
497,48
1232,48
1653,48
1223,48
1258,48
1221,48
1118,48
30,48
1119,48
1543,48
1131,48
1301,48
1199,48
1475,48
1195,48
1198,48
1202,48
1187,48
1090,48
1528,48
1203,48
1204,48
1242,48
1214,48
1217,48
1586,48
1161,48
1140,48
1215,48
1230,48
1027,48
1639,48
1274,48
1025,48
1265,48
1272,48
1036,48
1392,48
1269,48
1024,48
1071,48
1009,48
1015,48
1083,48
1552,48
1017,48
1018,48
1285,48
1021,48
1022,48
1640,48
1023,48
1059,48
1047,48
1255,48
1093,48
1145,48
1080,48
1099,48
1254,48
1511,48
1109,48
1108,48
1113,48
1246,48
1076,48
1082,48
1126,48
1376,48
1249,48
1088,48
817,48
1466,48
739,48
629,48
664,48
630,48
631,48
1432,48
1007,48
1283,48
1437,48
1054,48
1588,48
1521,48
1524,48
1488,48
737,48
1530,48
670,48
1310,48
1442,48
666,48
1517,48
722,48
743,48
234,48
754,48
626,48
1607,48
1547,48
228,48
1594,48
1542,48
611,48
656,48
1038,48
1484,48
157,48
1451,48
623,48
628,48
706,48
1441,48
816,48
702,48
682,48
1137,48
1522,48
685,48
648,48
691,48
744,48
701,48
736,48
820,48
673,48
675,48
735,48
765,48
1514,48
1593,48
723,48
1037,48
988,48
724,48
1560,48
1450,48
1394,48
634,48
1330,48
640,48
1337,48
1363,48
1409,48
806,48
809,48
814,48
815,48
1396,48
801,48
797,48
772,48
210,48
792,48
796,48
798,48
1390,48
1559,48
800,48
755,48
1482,48
371,48
1247,48
763,48
766,48
764,48
1411,48
610,48
1417,48
1294,48
607,48
1398,48
1610,48
1481,48
1404,48
912,48
1262,49
1471,49
1257,49
1264,49
1265,49
1255,49
673,49
1488,49
1448,49
303,49
1482,49
1489,49
1484,49
1329,49
1496,49
1210,49
1491,49
645,49
1233,49
1254,49
1220,49
250,49
661,49
490,49
409,49
1221,49
1224,49
1540,49
1545,49
403,49
1227,49
1279,49
1116,49
1230,49
252,49
1541,49
1217,49
1552,49
279,49
1569,49
1209,49
1566,49
417,49
289,49
1211,49
1561,49
1212,49
1396,49
413,49
1213,49
1556,49
291,49
973,49
1542,49
395,49
292,49
1593,49
1511,49
1509,49
1243,49
1530,49
1244,49
1643,49
1508,49
1247,49
1481,49
1594,49
453,49
1437,49
1507,49
1248,49
1321,49
1513,49
1517,49
1082,49
1016,49
1634,49
1615,49
1537,49
1533,49
1534,49
1532,49
1518,49
1647,49
1521,49
1414,49
1408,49
1456,49
1332,49
1345,49
344,49
1346,49
1417,49
1588,49
313,49
320,49
1415,49
1140,49
1331,49
1341,49
427,49
1409,49
1410,49
1344,49
1608,49
1466,49
1335,49
372,49
347,49
508,49
1625,49
536,49
1340,49
1379,49
1443,49
1455,49
1198,49
550,49
1430,49
316,49
1639,49
1648,49
964,49
629,49
1485,49
1025,49
564,49
336,49
1316,49
758,49
1359,49
986,49
1295,49
1364,49
816,49
1394,49
1232,49
1298,49
326,49
1393,49
271,49
1347,49
1388,49
1362,49
327,49
1384,49
1382,49
1614,49
1380,49
1151,49
1324,49
525,49
1338,49
1404,49
1352,49
1348,49
1353,49
1357,49
329,49
611,49
1653,49
1420,49
1292,49
1276,49
1194,49
975,49
911,49
259,49
1334,49
1289,49
780,49
369,49
367,49
1402,49
1296,49
1440,49
1288,49
873,49
1299,49
1301,49
1514,49
276,49
1313,49
607,49
1459,49
1274,49
1621,49
1543,49
1285,49
306,49
1464,49
809,49
1275,49
1449,49
1202,49
1315,49
1632,49
1631,49
357,49
1323,49
1330,49
350,49
1411,49
1142,49
847,49
1318,49
591,49
664,49
1122,49
1126,49
360,49
1319,49
1337,49
1083,49
1444,49
881,49
871,49
841,49
823,49
806,49
1633,49
1519,49
1590,49
1310,49
1435,49
484,49
476,49
1201,49
1475,49
547,49
768,49
216,49
531,49
700,49
980,49
767,49
765,49
764,49
763,49
1520,49
989,49
781,49
626,49
770,49
1087,49
1102,49
786,49
540,49
784,49
537,49
618,49
539,49
783,49
1147,49
776,49
802,49
760,49
1374,49
750,49
739,49
553,49
722,49
737,49
558,49
812,49
734,49
218,49
721,49
560,49
1629,49
947,49
912,49
755,49
754,49
551,49
751,49
740,49
876,49
738,49
1273,49
1559,49
210,49
1037,49
859,49
857,49
872,49
863,49
1124,49
1154,49
869,49
1020,49
1199,49
891,49
1134,49
890,49
1017,49
889,49
884,49
879,49
1630,49
937,49
522,49
569,49
1567,49
1607,49
811,49
817,49
807,49
985,49
977,49
801,49
798,49
438,49
821,49
533,49
855,49
1166,49
850,49
685,49
486,49
240,49
1238,49
849,49
846,49
534,49
833,49
825,49
723,49
724,49
584,49
628,49
614,49
1610,49
1333,49
1000,49
623,49
583,49
582,49
654,49
621,49
874,49
1105,49
585,49
1013,49
1099,49
592,49
596,49
946,49
234,49
598,49
600,49
605,49
238,49
445,49
593,49
674,49
1516,49
609,49
1400,49
610,49
696,49
680,49
670,49
667,49
662,49
653,49
228,49
1282,49
991,49
652,49
649,49
827,49
656,49
671,49
720,49
939,49
561,49
715,49
1241,49
706,49
1297,49
945,49
687,49
682,49
640,49
572,49
631,49
1522,49
919,49
1089,49
815,49
630,49
979,49
796,49
636,49
637,49
635,49
634,49
571,49
1467,49
1109,49
886,49
908,49
1074,49
1578,49
1113,49
447,49
1106,49
1118,49
16,49
684,49
702,49
1101,49
1093,49
1059,49
1052,49
1047,49
1040,49
1218,49
1071,49
1036,49
1035,49
479,49
485,49
1032,49
1325,49
995,49
1090,49
1287,49
1088,49
1080,49
1528,49
1187,49
469,49
1167,49
1061,49
1183,49
248,49
958,49
1175,49
1203,49
1432,49
1185,49
877,49
1442,49
1138,49
1294,49
1131,49
1403,49
481,49
515,49
813,49
952,49
519,49
1215,49
960,49
510,49
951,49
505,49
949,49
1580,49
931,49
930,49
929,49
927,49
523,49
938,49
521,49
910,49
935,49
520,49
996,49
1056,49
966,49
1002,49
998,49
497,49
499,49
993,49
517,49
1021,49
178,49
1030,49
1022,49
483,49
1023,49
1018,49
1228,49
503,49
968,49
506,49
1546,49
1398,49
1208,49
961,49
1597,49
500,49
982,49
1477,49
